Code,Title1,Title,Name,Des,Tag,Pro,Time,Course,Credit
3018301,교양,예술체육,음악을통한심리학의이해,음악을 통해 감정 또는 행동 등에 미치는 영향을 탐구하는 수업.,"팀플, 중간시험, 기말시험, 발표, 보고서",이상연,"화5,6",2학점,0
655201,교양,예술체육,메가트렌드와미래디자인,"미래기술의 미래 디자인이 어떻게 변화할지에 대해 보고서 작성,발표하는 수업.","팀플, 발표",최가을,"월1,2",2학점,5
655202,교양,예술체육,메가트렌드와미래디자인,"미래기술의 미래 디자인이 어떻게 변화할지에 대해 보고서 작성,발표하는 수업.","팀플, 발표",최가을,"월3,4",2학점,5
724201,교양,예술체육,음악으로세상읽기,클래식 음악감상하며 작곡가와 작품에 에피소드들을 알아보며 발표하는 수업.,"팀플, 발표, 기말시험",이재은,"화7,8",2학점,1
724202,교양,예술체육,음악으로세상읽기,클래식 음악감상하며 작곡가와 작품에 에피소드들을 알아보며 발표하는 수업.,"팀플, 발표, 기말시험",이재은,"수7,8",2학점,1
724203,교양,예술체육,음악으로세상읽기,음악의 사회적 역할 이해하며 공연 기획 실제로 수행해 경험하는 수업.,"팀플, 발표, 기말시험",곽안나,"화3,4",2학점,5
727801,교양,예술체육,문학과미술로만나는음악,"고대부터 현대까지의  문학과 미술, 음악의 작품들을 보며 이해와 포용능력을 기르는 수업.","팀플, 발표, 공연체험",임청화,"수3,4",2학점,1.97
727802,교양,예술체육,문학과미술로만나는음악,"고대부터 현대까지의  문학과 미술, 음악의 작품들을 보며 이해와 포용능력을 기르는 수업.","팀플, 발표, 공연체험",임청화,"수5,6",2학점,1.97
727803,교양,예술체육,문학과미술로만나는음악,"고대부터 현대까지의  문학과 미술, 음악의 작품들을 보며 이해와 포용능력을 기르는 수업.","팀플, 발표, 기말시험",이재은,"수3,4",2학점,3.5
727804,교양,예술체육,문학과미술로만나는음악 ,"고대부터 현대까지의  문학과 미술, 음악의 작품들을 보며 이해와 포용능력을 기르는 수업.","팀플, 발표, 기말시험",이재은,"수5,6",2학점,3.5
729201,교양,예술체육,문화예술교육개론,문화예술교육사의 직무 수행하는 데에 필요한 기초지식과 소양 배우는 수업.,"팀플, 중간시험, 발표, 기말시험,레포트",정재미,"수5,6",2학점,2.67
729202,교양,예술체육,문화예술교육개론,문화예술교육사의 직무 수행하는 데에 필요한 기초지식과 소양 배우는 수업.,"중간시험, 팀플, 발표",강경민,"화5,6",2학점,0
729301,교양,예술체육,문화예술교육현장의 이해와 실습,문화예술교육사로 현장활동할때 필요한 지식들을 배우는 수업.,"중간시험, 현장실습, 발표, 기말시험",김종성,"수3,4",2학점,0
729302,교양,예술체육,문화예술교육현장의 이해와 실습,문화예술교육사로서 현장수행력을 키우기 위해 체험하는 수업.,"팀플, 중간시험, 현장실습, 보고서",정재미,"수7,8",2학점,3
861201,교양,예술체육,포스트모던아트읽기,모더니즘과 포스트모더니즘의 역사와 미학을 이해하며 작품감상하는수업.,"중간시험, 기말시험, 발표",노정은,"목6,7",2학점,1
861202,교양,예술체육,포스트모던아트읽기,모더니즘과 포스트모더니즘의 역사와 미학을 이해하며 작품감상하는수업.,"중간시험, 기말시험",윤진영,"수6,7",2학점,4.45
861401,교양,예술체육,영상예술의 이해,영상예술을 이해하기 위해 영상미학의 특징을 배우는 수업.,"중간시험, 기말시험, 발표, 실습",김종국,"월2,3",2학점,3.25
861402,교양,예술체육,영상예술의 이해,모더니즘과 포스트모더니즘의 역사와 미학을 이해하며 작품감상하는수업.,"중간시험, 기말시험, 발표, 실습",김종국,"목6,7",2학점,3.25
861501,교양,예술체육,현대생활과 체육,현대생활과체육을 통한 실용체육활동으로 대인관계및 사회성을 향상시키는 수업.,"중간시험,기말시험,레포트",박재서,"월5,6",2학점,4.44
861502,교양,예술체육,현대생활과 체육,현대생활과체육을 통한 실용체육활동으로 대인관계및 사회성을 향상시키는 수업.,"중간시험,기말시험,레포트",박재서,"월7,8",2학점,4.44
861503,교양,예술체육,현대생활과 체육,현대생활과체육을 통한 실용체육활동으로 대인관계및 사회성을 향상시키는 수업.,"중간시험,기말시험,레포트",박재서,"수3,4",2학점,4.44
861504,교양,예술체육,현대생활과 체육,현대생활과체육을 통한 실용체육활동으로 대인관계및 사회성을 향상시키는 수업.,"중간시험,기말시험,레포트",박재서,"수5,6",2학점,4.44
861601,교양,예술체육,색채디자인의 이해,색체디자인에 대한 기초개념부터 디자인 분야에 응용할 수 있는 기본 능력을 기르는 수업.,"중간시험, 기말시험",김민성,"목6,7",2학점,4.29
861602,교양,예술체육,색채디자인의 이해,색체디자인에 대한 기초개념부터 디자인 분야에 응용할 수 있는 기본 능력을 기르는 수업.,"중간시험, 기말시험",김민성,"목8,9",2학점,4.29
861603,교양,예술체육,색채디자인의 이해,색체디자인에 대한 기초개념부터 디자인 분야에 응용할 수 있는 기본 능력을 기르는 수업.,"과제, 중간시험,기말시험",정경영,"목3,4",2학점,3
861704,교양,예술체육,클래식음악 산책,서양 클래식 음악의 역사이해하고 작품 감상하는 수업.,"중간시험, 기말시험",곽안나,"수1,2",2학점,3.67
861701,교양,예술체육,클래식음악 산책,서양 클래식 음악의 역사이해하고 작품 감상하는 수업.,"중간시험, 기말시험",곽안나,"수3,4",2학점,3.67
861702,교양,예술체육,클래식음악 산책,서양 클래식 음악의 역사이해하고 작품 감상하는 수업.,"중간시험, 기말시험",곽안나,"수5,6",2학점,3.67
861703,교양,예술체육,클래식음악 산책,서양 클래식 음악의 역사이해하고 작품 감상하는 수업.,"중간시험, 기말시험",곽안나,"수7,8",2학점,3.67
861801,교양,예술체육,현대사회와 디자인,현대사회의 문제들과 연계해 디자인적 해결방안을 기획하는수업.,"팀플, 기말시험",안소미,"화3,4",2학점,4
861802,교양,예술체육,현대사회와 디자인,현대사회의 디자인과 환경을 이해하는 과정 6가지 요소와 광고기법으로 수업.,"기말시험, 중간시험,발표",조은환,"화6,7",2학점,2.59
861803,교양,예술체육,현대사회와 디자인,현대사회의 디자인과 환경을 이해하는 과정 6가지 요소와 광고기법으로 수업.,"기말시험, 중간시험,발표",조은환,"화8,9",2학점,2.59
930801,교양,예술체육,태권도의이론과 실제,태권도의 기본동작들을 배우는 수업.,"중간시험, 기말시험, 실습",방인주,"월5,6",2학점,4.14
930802,교양,예술체육,태권도의이론과 실제,태권도의 기본동작들을 배우는 수업.,"실습, 중간시험, 기말시험",김보름,"화5,6",2학점,3.9
930803,교양,예술체육,태권도의이론과 실제,태권도의 기본동작들을 배우는 수업.,"실습, 중간시험, 기말시험",김보름,"목3,4",2학점,3.9
930804,교양,예술체육,태권도의이론과 실제,태권도의 기본동작들을 배우는 수업.,"실습, 중간시험, 기말시험",지호철,"수1,2",2학점,0
930901,교양,예술체육,웨이트트레이닝이론과 실제,웨이트트레이닝의 지식을 습득하고 실행 방법을 배우는 수업.,"레포트, 중간시험, 기말시험",이상규,"수2,3",2학점,2.25
930902,교양,예술체육,웨이트트레이닝이론과 실제,웨이트트레이닝의 지식을 습득하고 실행 방법을 배우는 수업.,"레포트, 중간시험, 기말시험",이상규,"수4,5",2학점,2.25
931001,교양,예술체육,아이디어와문화콘텐츠,아이디어 콘텐츠로 결과물을 도출해 공모전 제출하는 수업.,"발표, 팀플, 기말시험",이혜자,"수5,6",2학점,2.03
931101,교양,예술체육,유튜버와영상제작,영상 편집하는 방법부터 나의 아이디어를 공개하는 수업.,"촬영,팀플",이은화,"화3,4",2학점,4.86
931201,교양,예술체육,창작곡과유튜브,음악적 표현의 작곡 기초와 디지털 미디어제작의 전반을 학습하는 수업.,"팀플, 공연",이은화,"수5,6",2학점,4.95
931202,교양,예술체육,창작곡과유튜브,음악적 표현의 작곡 기초와 디지털 미디어제작의 전반을 학습하는 수업.,"팀플, 공연",이은화,"수7,8",2학점,4.95
962801,교양,예술체육,공연예술의 이해와 참여,공연을 통해 문화예술을 이해하며 경험을 통해 서로 교류하며 소통을 하는 수업.,기말시험,김제영,"수5,6",2학점,4.2
962802,교양,예술체육,공연예술의 이해와 참여,공연을 통해 문화예술을 이해하며 경험을 통해 서로 교류하며 소통을 하는 수업.,기말시험,김제영,"수7,8",2학점,4.2
3018201,교양,자연과학,전쟁과무기체계,무기체계의 발전이 전쟁의 승리에 미친영향과 4차산업이 무기체계발전에 어떤 영향을 미칠지 알아보는 수업.,"레포트,기말시험",황선남,"화3,4",2학점,3
3003702,교양,자연과학,생활습관의학과전인건강,인체와 운동에 대한 내용을 통해 건강에 대해 탐구하는 수업.,"중간시험, 기말시험",강정현,"목7,8",2학점,4.8
860201,교양,자연과학,생활속의수학,수학과 실생활과의 관계를 탐구하고 수학의 유용성을 확인하는 수업.,"중간시험, 기말시험",이용훈,사,2학점,4.46
860202,교양,자연과학,생활속의수학,수학과 실생활과의 관계를 탐구하고 수학의 유용성을 확인하는 수업.,"중간시험, 기말시험",이용훈,사,2학점,4.46
860301,교양,자연과학,지구의탐구,"지구관,지구탐구,기후변화,천문학내용을 흥미롭고 쉽게 이해하게 구성한 수업.","중간시험, 기말시험, 보고서",윤정희,사,2학점,4
860302,교양,자연과학,지구의탐구,"지구관,지구탐구,기후변화,천문학내용을 흥미롭고 쉽게 이해하게 구성한 수업.","중간시험, 기말시험, 보고서",윤정희,사,2학점,4
860401,교양,자연과학,자연과인간,"환경에 대한 기본개념과 인간,자연의 관계, 생태계전반을 탐구하는 수업.","팀플, 중간시험, 기말시험, 발표, 레포트 ",전인수,"화5,6",2학점,3.31
860601,교양,자연과학,천문학과우주의이해,교양수준의 기본적인 천문학 지식습득과 원리이해를 기반으로 하는수업.,"기말시험, 과제",이성진,"수5,6",2학점,3.25
860602,교양,자연과학,천문학과우주의이해,교양수준의 기본적인 천문학 지식습득과 원리이해를 기반으로 하는수업.,기말시험,정연철,"수2,3",2학점,0
860603,교양,자연과학,천문학과우주의이해,교양수준의 기본적인 천문학 지식습득과 원리이해를 기반으로 하는수업.,기말시험,정연철,"수5,6",2학점,0
860701,교양,자연과학,환경과기술,"생태계변화에 따른 영향, 생활환경에 밀접한 오염의 영향을 배우고 적절한 대책을 배우는 수업.","중간시험, 기말시험, 레포트, 발표, 팀플",전인수,"수5,6",2학점,3
860801,교양,자연과학,4차산업혁명의이해,4차산업혁명의 기본적인 개념과 핵심기술에 대해 배우고 산업혁명이 사회에 어떤 영향을 끼치는지 알아보는 수업.,"중간시험, 기말시험,레포트",이용태,수3,2학점,4.5
860901,교양,자연과학,현대인과영양,"영양소의 기능, 영양소가 몸에 미치는 영향, 질병과의 상관관계를 학습하고 실생활에 적용할수있게하는 수업.","중간시험, 기말시험, 팀플, 레포트",박강현,수7,2학점,2.75
860902,교양,자연과학,현대인과영양,"영양소의 기능, 영양소가 몸에 미치는 영향, 질병과의 상관관계를 학습하고 실생활에 적용할수있게하는 수업.","중간시험, 기말시험, 팀플, 레포트",박강현,목6,2학점,2.75
860903,교양,자연과학,현대인과영양,"영양소의 기능, 영양소가 몸에 미치는 영향, 질병과의 상관관계를 학습하고 실생활에 적용할수있게하는 수업.","기말시험,개인프로젝트, 발표",박정숙,화3,2학점,4.57
860904,교양,자연과학,현대인과영양,"영양소의 기능, 영양소가 몸에 미치는 영향, 질병과의 상관관계를 학습하고 실생활에 적용할수있게하는 수업.","기말시험,개인프로젝트, 발표",박정숙,화4,2학점,4.57
861001,교양,자연과학,현대인과영양,"생명체의 기능에 대해학습하고, 생명현상을 이해해 건강한 삶의 기초를 다짐과 동시에 생명과학을 활용할 수 있는 토대를 마련해보는 수업.","중간시험, 기말시험",문성채,"월5,6",2학점,3.95
861002,교양,자연과학,현대인과영양,"생명체의 기능에 대해학습하고, 생명현상을 이해해 건강한 삶의 기초를 다짐과 동시에 생명과학을 활용할 수 있는 토대를 마련해보는 수업.","중간시험, 기말시험",문성채,"월7,8",2학점,3.95
861101,교양,자연과학,보건학,보건관련 전문 종사자로서 요구되는 지식과 기술의 전문성함양과 영량 증진에 도움이 되는 수업.,"중간시험, 기말시험",박혜원,"수6,7",2학점,4.53
963201,교양,자연과학,인공지능,인공지능 특성에 대해 이해하고 현대인의 삶에 어떤 영향을 미치는지 알아보고 인공지능에 대해 토의해보는 수업.,"중간시험, 기말시험, 퀴즈",홍경호,"목6,7,8",3학점,4.38
293601,교양,인문사회,문학의 이해,문학의 원론적이해를 통해 문학으로 생각한다는 틀을 배운다.,"중간시험, 기말시험",권윤경,사,2학점,4.5
293602,교양,인문사회,문학의 이해,문학의 원론적이해를 통해 문학으로 생각한다는 틀을 배운다.,"중간시험, 기말시험",권윤경,사,2학점,4.5
293603,교양,인문사회,문학의 이해,문학을 감상하는 능력을 키운다,"중간시험, 기말시험",문광헌,화4.5,2학점,3.61
293604,교양,인문사회,문학의 이해,문학을 감상하는 능력을 키운다,"중간시험, 기말시험",문광헌,화6.7,2학점,3.61
293605,교양,인문사회,문학의 이해,문학을 통해 근대의 시대상을 이해하고 근대의 형성을 파학한다.,"중간시험, 기말시험, 과제",임성규,화3/사,2학점,2.25
297301,교양,인문사회,세계의 민속문화,지구촌 사회의 구성원들이 다양한 민속 문화를 이해하고 습득한다.,"팀플, 발표",김은홍,목2/사,2학점,2.54
298401,교양,인문사회,한국사상과 문화,"창의적,학습자 주도의 한국사상과 문화에 인식을 키워나간다.","개인프로젝트, 과제",이승준,수3.4,2학점,2.93
298402,교양,인문사회,한국사상과 문화,"창의적,학습자 주도의 한국사상과 문화에 인식을 키워나간다.","개인프로젝트, 과제",이승준,목3.4,2학점,2.93
302301,교양,인문사회,여성학,"여성학을 통해 나와 타인,사회를 이해하는 관점을 갖는다.","퀴즈, 보고서, 발표, 팀플",정의솔,화5.6,2학점,4.83
302302,교양,인문사회,여성학,"여성학을 통해 나와 타인,사회를 이해하는 관점을 갖는다.","퀴즈, 보고서, 발표, 팀플",정의솔,화7.8,2학점,4.83
304301,교양,인문사회,생활과 법률,각자에 법에 대한 최소한의 소향을 갖는다.,"중간시험, 기말시험, 과제",이우진,화2/사,2학점,4.83
349701,교양,인문사회,한국사탐방,학습자 주도의 한국사 인식과 소통능력을 키워나간다.,"팀플, 발표",이승준,화3.4,2학점,2.79
407701,교양,인문사회,그림으로 심리읽기,다양한 심리를 이론과 그림으로 설명하여 이해해나간다.,"중간시험, 그림실기",송춘의,월3.4,2학점,3.33
408701,교양,인문사회,알기쉬운 정치경제,국내외 및 세계의 정치와 경제가 작동하는 방식을 설명할 수 있다.,"중간시험, 기말시험, 과제, 레포트","유준석,이경호",화8/사,2학점,3
408702,교양,인문사회,알기쉬운 정치경제,국내외 및 세계의 정치와 경제가 작동하는 방식을 설명할 수 있다.,"중간시험, 기말시험, 과제, 레포트","유준석,이경호",화8/사,2학점,3
420101,교양,인문사회,국가안보론,국가안보에 관련된 주요 개념들에 대해 이해한다.,"중간시험, 기말시험",황선남,월3.4,2학점,3.84
420201,교양,인문사회,전쟁사,"전쟁에 대한 고찰,전쟁영웅에 대해 알아갈 수 있다.","레포트, 팀플, 발표",구재서,금3.4,2학점,4.56
420202,교양,인문사회,전쟁사,"전쟁에 대한 고찰,전쟁영웅에 대해 알아갈 수 있다.","레포트, 팀플, 발표",구재서,금5.6,2학점,4.56
428001,교양,인문사회,소수집단의 이해와 지원,우리사회의 균형발전과 지속가능성에 대해 탐구한다.,"중간시험, 기말시험, 팀플, 발표, 레포트 ",박현정,수2.3,2학점,4.5
428002,교양,인문사회,소수집단의 이해와 지원,우리사회의 균형발전과 지속가능성에 대해 탐구한다.,"중간시험, 기말시험, 팀플, 발표, 레포트 ",박현정,수4.5,2학점,4.5
516201,교양,인문사회,생명과 죽음의 이해,서양 고전 읽기를 통해 생명과 죽음에 대해 이해한다.,"팀플, 중간시험, 기말시험,과제",허정환,수2.3,2학점,4.27
516202,교양,인문사회,생명과 죽음의 이해,서양 고전 읽기를 통해 생명과 죽음에 대해 이해한다.,"팀플, 중간시험, 기말시험,과제",허정환,수5.6,2학점,4.27
607201,교양,인문사회,천안의 이해,지역사회발전을 도모하는 사회적 책무성을 제고할 수 있다.,"현장실습, 과제",이승원,화5.6,2학점,4.65
728101,교양,인문사회,진로탐색과 미래설계,자기이해를 바탕으로 자신에게 적합한 다양한 진로를 탐색한다.,"팀플, 발표",김인기,수6.7,2학점,4.41
728102,교양,인문사회,진로탐색과 미래설계,자기이해를 바탕으로 자신에게 적합한 다양한 진로를 탐색한다.,"팀플, 발표",김인기,목3.4,2학점,4.41
728103,교양,인문사회,진로탐색과 미래설계,자기이해를 바탕으로 자신에게 적합한 다양한 진로를 탐색한다.,"팀플, 발표",김인기,목5.6,2학점,4.41
728104,교양,인문사회,진로탐색과 미래설계,수립한 진로목표에 적합한 직무와 인성역량을 키운다.,"팀플, 발표",박영진,화3.4,2학점,2.62
728105,교양,인문사회,진로탐색과 미래설계,미래 삶의 질적 향상을 위해 진로목표를 수립한다.,"팀플, 발표",이연복,목3.4,2학점,4.76
728201,교양,인문사회,성공취업실전,자기이해를 바탕으로 스토리텔링을 할 수 있다.,"팀플, 발표",김인기,"수8,9",2학점,4.53
728202,교양,인문사회,성공취업실전,자기이해를 바탕으로 스토리텔링을 할 수 있다.,"팀플, 발표",김인기,목7.8,2학점,4.53
728203,교양,인문사회,성공취업실전,"자신의 희망직무를 분석할 수 있고,직무와 매칭할 수 있다.",팀플,박영진,화5.6,2학점,2.1
728204,교양,인문사회,성공취업실전,역량중심 포트폴리오를 통해 취업능력을 향상시킬 수 있다.,"팀플, 과제",박종석,수3.4,2학점,4.33
728205,교양,인문사회,성공취업실전,역량중심 포트폴리오를 통해 취업능력을 향상시킬 수 있다.,"팀플, 과제",박종석,수5.6,2학점,4.33
857301,교양,인문사회,인간심리와 행동,인간행동에 대한 올바른 이해와 원만한 이해를 공부한다.,"중간시험, 기말시험, 팀플",최혜란,월3.4,2학점,2.21
857401,교양,인문사회,한국문화유산의 이해,한국의 역사에 잘못된 편견을 수정하고 재조명한다.,"중간시험, 기말시험",전상옥,금1.2,2학점,2.71
857402,교양,인문사회,한국문화유산의 이해,한국의 역사에 잘못된 편견을 수정하고 재조명한다.,"중간시험, 기말시험",전상옥,금3.4,2학점,2.71
857501,교양,인문사회,인간과 윤리,인간 이해를 통해 윤리적 삶을 알게한다.,"중간시험, 기말시험, 팀플",황보갑,수2.3,2학점,2.42
857502,교양,인문사회,인간과 윤리,인간 이해를 통해 윤리적 삶을 알게한다.,"중간시험, 기말시험, 팀플",황보갑,수4.5,2학점,2.42
857601,교양,인문사회,현대인의 삶과 철학,현대철학에 대한 전반적인 이해와 삶의 문제에로의 적용한다.,"중간시험, 기말시험, 레포트",이장형,화2.3,2학점,4.65
857602,교양,인문사회,현대인의 삶과 철학,현대철학에 대한 전반적인 이해와 삶의 문제에로의 적용한다.,"중간시험, 기말시험, 레포트",이장형,화4.5,2학점,4.65
857701,교양,인문사회,문화인류학의 이해,인간이 만들고 공유하고있는 인류의 문화에 대한 이해력을 높힌다.,"중간시험, 기말시험",윤영조,목3.4,2학점,3.5
857702,교양,인문사회,문화인류학의 이해,인간이 만들고 공유하고있는 인류의 문화에 대한 이해력을 높힌다.,"중간시험, 기말시험",윤영조,화3.4,2학점,3.5
857801,교양,인문사회,세계의 신화와 문화,다양한 문화적 신화를 이해함으로써 인류의 대한 소통을 증진한다.,"팀플, 발표, 기말시험",이혜자,화5.6,2학점,1.67
857901,교양,인문사회,문화현상의 철학적 이해,문화 개념의 기원 및 그 변천의 사상사적 맥락에 조망할 수 있다.,"중간시험, 기말시험, 발표 , 팀플",이선우,목5.6,2학점,3.5
857902,교양,인문사회,문화현상의 철학적 이해,문화 개념의 기원 및 그 변천의 사상사적 맥락에 조망할 수 있다.,"중간시험, 기말시험, 발표 , 팀플",이선우,목7.8,2학점,3.5
858001,교양,인문사회,동양철학의 이해,동양철학에서 배운 지식과 지혜를 전공지식에 적용 할 수 있다.,"중간시험, 기말시험, 퀴즈, 팀플",이승원,월6/사,2학점,3.57
858002,교양,인문사회,동양철학의 이해,동아시아 학술 사상의 주류를 이해할 수 있다.,"팀플, 발표",민경삼,월3/사,2학점,4.26
858101,교양,인문사회,서양철학의 이해,철학사적 고찰을 통해 철학적 시대별 차이점 구분할 수 있다.,"중간시험, 기말시험",허정환,목2.3,2학점,4.6
858201,교양,인문사회,인문학과의 만남,인문학을 통해 실제로 찾아오는 문제를 바르게 인식할 수 있다.,과제,강태평,수8.9,2학점,4.22
858301,교양,인문사회,고전산책,<논어>를 통해 인간 본성에 대한 깊은 성찰을 시도한다.,"중간시험, 기말시험",이종구,화5.6,2학점,1.6
858302,교양,인문사회,고전산책,<논어>를 통해 인간 본성에 대한 깊은 성찰을 시도한다.,"중간시험, 기말시험",이종구,화7.8,2학점,1.6
858303,교양,인문사회,고전산책,고전을 통해 인문학 감수성을 강화하여 나와 고전의 관계성을 구축한다.,"중간시험, 기말시험, 레포트",권윤경,화4/사,2학점,4.61
858501,교양,인문사회,글로벌시대의 다문화교육,다문화사회에서 공존의 의미를 이해할 수 있다.,기말시험,이화정,수7.8,2학점,3.4
858502,교양,인문사회,글로벌시대의 다문화교육,글로벌 시대의 지구촌 세계 각국의 이질적인 문화와 그 유래를 살펴본다.,"기말시험, 쪽지시험",김동욱,수7/사,2학점,1.5
858601,교양,인문사회,경제학의 이해,경제학적인 냉철한 판단의식과 논리적인 사고를 배양한다.,"중간시험, 기말시험, 레포트",남정우,수2.3,2학점,4.38
858602,교양,인문사회,경제학의 이해,"시장 작동원리,기업활동 등 전공교과목을 배울 수 있는 기초를 세운다.","중간시험, 기말시험",윤종인,월5/사,2학점,4.69
858701,교양,인문사회,시장과 경제,자본주의의 이상과 현실에 대한 내용을 배운다.,"레포트, 기말시험",이경락,화2/사,2학점,4.52
858702,교양,인문사회,시장과 경제,자본주의의 이상과 현실에 대한 내용을 배운다.,"레포트, 기말시험",이경락,화3/사,2학점,4.52
858703,교양,인문사회,시장과 경제,"주식수익률에 대한 과거,현재,미래에 대해 학습한다.","레포트, 기말시험",박성민,월7/사,2학점,3.41
858704,교양,인문사회,시장과 경제,"주식수익률에 대한 과거,현재,미래에 대해 학습한다.","레포트, 기말시험",박성민,화3/사,2학점,3.41
858705,교양,인문사회,시장과 경제,"주식수익률에 대한 과거,현재,미래에 대해 학습한다.","레포트, 기말시험",박성민,화4/사,2학점,3.41
858706,교양,인문사회,시장과 경제,일상생활속 경험하는 경제현상들을 분석할 수 있다.,"중간시험, 기말시험",최선기,수2/사,2학점,3.5
858707,교양,인문사회,시장과 경제,일상생활속 경험하는 경제현상들을 분석할 수 있다.,"중간시험, 기말시험",최선기,수3/사,2학점,3.5
858801,교양,인문사회,현대사회와 범죄,범죄에 대한 올바른 이해를 도모하고 비판적으로 고찰할 수 있다.,"중간시험, 기말시험",차훈진,수7/사,2학점,3.75
858901,교양,인문사회,정치와 사회,우리나라 정치와 사회제도 및 사회현상을 이해할 수 있다.,"중간시험, 기말시험",유준석,화3.4,2학점,3.48
858902,교양,인문사회,정치와 사회,우리나라 정치와 사회제도 및 사회현상을 이해할 수 있다.,"중간시험, 기말시험",유준석,화5.6,2학점,3.48
859001,교양,인문사회,청년발달과 자기이해,청소년기 발달과업을 학습함으로써 대인관계 역량을 늘릴 수 있다.,"팀플, 기말시험",배라영,월2.3,2학점,5
859002,교양,인문사회,청년발달과 자기이해,청소년기 발달과업을 학습함으로써 대인관계 역량을 늘릴 수 있다.,"팀플, 기말시험",배라영,월4.5,2학점,5
859101,교양,인문사회,저출산고령화 사회의 이해와 과제,저출산 고령화 현상과 관련된 주요개념을 이해한다.,"기말시험, 레포트",조은미,수4.5,2학점,3.2
859102,교양,인문사회,저출산고령화 사회의 이해와 과제,저출산 고령화 현상과 관련된 주요개념을 이해한다.,"기말시험, 레포트",조은미,수6.7,2학점,3.2
859201,교양,인문사회,관광의 역사와 문화,관광과 관광경영에 대해 이론적으로 정리하고자 한다.,"중간시험, 기말시험",박슬기,화2/사,2학점,5
859202,교양,인문사회,관광의 역사와 문화,관광의 역기능을 인식하고 그원인들을 발견할 수 있다.,기말시험,송근석,수5/사,2학점,2.71
859203,교양,인문사회,관광의 역사와 문화,관광의 역기능을 인식하고 그원인들을 발견할 수 있다.,기말시험,송근석,목5/사,2학점,2.71
859204,교양,인문사회,관광의 역사와 문화,관광의 역기능을 인식하고 그원인들을 발견할 수 있다.,기말시험,송근석,목6/사,2학점,2.71
859301,교양,인문사회,북한사회의 이해,북한 사회에 대한 가장 최근의 동향에 대해 학습한다.,"팀플, 발표, 레포트",임헌만,수5.6,2학점,2.75
859302,교양,인문사회,북한사회의 이해,북한 사회에 대한 가장 최근의 동향에 대해 학습한다.,"팀플, 발표, 레포트",임헌만,수7.8,2학점,2.75
859401,교양,인문사회,동양사 이해,문화 형성과 발전등을 살펴보며 아시아에 대해 이해할 수 있다.,"중간시험, 기말시험",장영수,화4/사,2학점,4.46
859402,교양,인문사회,동양사 이해,문화 형성과 발전등을 살펴보며 아시아에 대해 이해할 수 있다.,"중간시험, 기말시험",장영수,목4/사,2학점,4.46
859501,교양,인문사회,서양사 이해 ,"글로벌환경을 이해하고,오늘날의 문제를 인식하는 영향을 갖춥니다.",기말시험,김종희,화2/사,2학점,4.25
859502,교양,인문사회,서양사 이해 ,"글로벌환경을 이해하고,오늘날의 문제를 인식하는 영향을 갖춥니다.",기말시험,김종희,화3/사,2학점,4.25
859601,교양,인문사회,인간발달과 교육,평생에 걸친 인간 발달의 개념을 정립한다.,중간시험,이유나,월7/사,2학점,5
859602,교양,인문사회,인간발달과 교육,생애주기별 발달의 특징과 교육적 시사점을 설명할 수 있다.,"개인프로젝트, 중간시험",금혜진,수4.5,2학점,3.5
859701,교양,인문사회,도시재생과 관광,도시 재생에 문제점을 파악하고 대안 도출 밑 팀워크 능력을 향상한다.,기말시험,윤지현,화3/사,2학점,4.28
859702,교양,인문사회,도시재생과 관광,도시재생에서 가장 많이 활용되는 관광자원이 무엇인지 학습한다.,"과제, 발표, 현장실습",이웅규,화7/사,2학점,4
859801,교양,인문사회,사회적 경제의 이해와 지역사회,사회적경제의 기초 개념에 대해서 이해한다.,"중간시험, 기말시험, 개인프로젝트, 발표",김춘광,수7/사,2학점,3.5
859901,교양,인문사회,인권바로알기,인권문제에 따른 갈등과 분쟁해결능력을 기를 수 있다.,"기말시험, 중간시험,과제",김영규,수1.2,2학점,4.27
859902,교양,인문사회,인권바로알기,인권개념에 대한 올바른 이해를 갖게한다.,"기말시험, 중간시험,과제",유준석,수1.2,2학점,3.33
927201,교양,인문사회,세계문화사,"창의적,학습자 주도,선수 주도의 세계문화 역사인식을 키워나간다.",과제,이승준,수1.2,2학점,3
927202,교양,인문사회,세계문화사,"창의적,학습자 주도,선수 주도의 세계문화 역사인식을 키워나간다.",과제,이승준,목1.2,2학점,3
930501,교양,인문사회,인성과기업가정신,생활속 창의적 아이디어 발굴 및 융합적 사고 능력을 개발한다.,"팀플, 기말시험, 봉사",권오영,월6.7,2학점,3.07
930502,교양,인문사회,인성과기업가정신,생활속 창의적 아이디어 발굴 및 융합적 사고 능력을 개발한다.,"팀플, 기말시험, 봉사",권오영,월4.5,2학점,3.07
930601,교양,인문사회,인성과세계시민질서,세계시민질서 정신의 함양을 위한 인성 개발을 다룬다.,"팀플, 발표, 중간시험, 기말시험, 봉사",장진수,화6.7,2학점,2.4
930602,교양,인문사회,인성과세계시민질서,세계시민질서 정신의 함양을 위한 인성 개발을 다룬다.,"팀플, 발표, 중간시험, 기말시험, 봉사",장진수,화8.9,2학점,2.4
958501,교양,인문사회,유관순학,유관순열사를 중심으로 3.1운동의 배경을 파악하고 독립정신을 세계에 널리 알리고자 한다.,패논패,박종선,수5.6,2학점,4.98
962901,교양,인문사회,성평등바로알기,성평등한 사회문화 성형과 성평등 사회 일원으로서의 역량 함량을 목표한다.,"레포트, 중간시험, 기말시험",나달숙,화5/사,2학점,3.62
963001,교양,인문사회,언어와 문화간 의사소통,언어 전반에 걸친 언어의 특성에 대해 공부한다.,"팀플, 발표, 기말시험",배진영,수7.8,2학점,5
963002,교양,인문사회,언어와 문화간 의사소통,언어의 보편성에 대해 이해하고 설명할 수 있다.,"팀플, 발표, 기말시험",이남희,화7.8,2학점,4.78
963101,교양,인문사회,키워드로 본 현대한국사회,키워드로 본 현대한국사회의 전반적 이해를 할 수 있다.,"중간시험, 기말시험",한정수,월5/사,2학점,3.5
964401,교양,인문사회,커뮤니케이션의이해,자신의 의사를 말과 문서로 정확히 전달할 수 있다.,"과제, 기말시험",배종각,금1/사,2학점,2.64
964402,교양,인문사회,커뮤니케이션의이해,자신의 의사를 말과 문서로 정확히 전달할 수 있다.,"과제, 기말시험",배종각,금3/사,2학점,2.64
964501,교양,인문사회,4차산업시대의커뮤니케이션,4차산업시대의 이론과 정의를 이해할 수 있다.,"중간시험, 기말시험",정수환,월7/사,2학점,2.33
964502,교양,인문사회,4차산업시대의커뮤니케이션,4차산업시대의 이론과 정의를 이해할 수 있다.,"중간시험, 기말시험",정수환,월8/사,2학점,2.33
964601,교양,인문사회,언어와인간소통,인간이 가진 언어의 특징과 비언어의 특징에 대해 학습한다.,"중간시험, 기말시험",최진희,목5.6,2학점,3.74
969401,교양,인문사회,충남학,충남의 역사문화에 대한 교육을 통해 지역학으로 충남학을 이해할 수 있다.,"실습, 과제",강기정,화7.8,2학점,3.75
969601,교양,인문사회,포스트휴먼시대와 인간,우리가 살고있는 크고작은 공동체속에서 진정한 인간성을 가진 사람을 목표로한다.,"중간시험, 기말시험, 팀플, 발표, 과제",김완종,사이버,2학점,5
969602,교양,인문사회,포스트휴먼시대와 인간,우리가 살고있는 크고작은 공동체속에서 진정한 인간성을 가진 사람을 목표로한다.,"중간시험, 기말시험, 팀플, 발표, 과제",김완종,사이버,2학점,5
976401,교양,인문사회,인류공동유산의이해와보존,문화유산을 보존해야하는 이유가 가치에 대해 학습한다.,"중간시험, 기말시험",정수환,목7/사,2학점,4
976402,교양,인문사회,인류공동유산의이해와보존,문화유산을 보존해야하는 이유가 가치에 대해 학습한다.,"중간시험, 기말시험",정수환,목8/사,2학점,4
3003601,교양,인문사회,미래사회와 과학기술,급변하는사회에서 발생하는 여러가지 이슈들에 대해 방향성을 제시해본다.,기말시험,조용철,사이버,2학점,4.5
3017901,교양,인문사회,정신건강의 이해,"인간과 정신건강, 이상심리등의 개념에 대해 공부한다.","중간시험, 기말시험",박명옥,수6,2학점,4.75
3018101,교양,인문사회,국제관계와 질서,다양한 국제관계속에서 적용되는 국제규범과 질서를 공부한다.,"중간시험, 기말시험",이우진,월2,2학점,5
3018102,교양,인문사회,국제관계와 질서,국제관계에서 발생하는 사건들이 우리에 미치는 영향을 조사한다,"중간시험, 기말시험, 레포트",유현선,목7.8,2학점,4
154701,전공,멀티미디어학전공,이산수학,컴퓨터 공학의 이해를 높히고 논리적 사고를 배양한다.,"중간시험,기말시험,과제",최미영,"수2,3/사",3학점,4.66
154702,전공,멀티미디어학전공,이산수학,컴퓨터 공학의 이해를 높히고 논리적 사고를 배양한다.,"중간시험,기말시험,과제",최미영,"수4,5/사",3학점,4.66
367002,전공,멀티미디어학전공,C언어프로그래밍,C언어 문법을 이해하고 다양한 프로그래밍을 개발할 수 있도록 학습한다.,"C언어,중간시험,기말시험,과제",구미순,"월7,8,9/사",3학점,3.5
367003,전공,멀티미디어학전공,C언어프로그래밍,C언어 문법을 이해하고 다양한 프로그래밍을 개발할 수 있도록 학습한다.,"C언어,중간시험,기말시험,과제",구미순,"화7,8,9/사",3학점,3.5
367004,전공,멀티미디어학전공,C언어프로그래밍,C언어 문법을 익혀서 다양한 응용 프로그램을 개발 할 수 있다.,"C언어,팀플,기말시험,실습",이승화,수1.2.3/사,3학점,4.73
367005,전공,멀티미디어학전공,C언어프로그래밍,"C언어의 특징과 설계, 코딩방법에 대해 배운다.","C언어,팀플",김귀정,"월4,5,6/사",3학점,4.27
367006,전공,멀티미디어학전공,C언어프로그래밍,"C언어의 특징과 설계, 코딩방법에 대해 배운다.","C언어,팀플",김귀정,"목4,5,6/사",3학점,4.27
948101,전공,멀티미디어학전공,파이썬 프로그래밍,파이썬 프로그래밍을 이용하여 IT분야 개발 능력을 배양한다.,"파이썬,중간시험,기말시험",홍경호,"수1,2,3/사",3학점,2.33
948102,전공,멀티미디어학전공,파이썬 프로그래밍,파이썬 언어를 사용하여 기본적인 문제해결 코딩을 할 수 있다.,"파이썬,중간시험,기말시험",김동우,목1.2.3/사,3학점,3.33
948104,전공,멀티미디어학전공,파이썬 프로그래밍,파이썬 문법을 익혀서 문제해결을 위한 프로그램을 설계한다.,"파이썬,중간시험,기말시험",구미순,"목7,8,9/사",3학점,4.6
218601,전공,멀티미디어학전공,자료구조론,다양한 자료구조를 C언어로의 구현 능력 배양,"C언어,중간시험,기말시험,과제",이성훈,"수1,2/사",3학점,3.25
218602,전공,멀티미디어학전공,자료구조론,다양한 자료구조를 C언어로의 구현 능력 배양,"C언어,중간시험,기말시험,과제",이성훈,"화6,7/사",3학점,3.25
218603,전공,멀티미디어학전공,자료구조론,다양한 자료구조를 C언어로의 구현 능력 배양,"C언어,중간시험,기말시험,과제",이성훈,"월5,6/사",3학점,3.25
218604,전공,멀티미디어학전공,자료구조론,다양한 자료구조를 C언어로의 구현 능력 배양,"C언어,중간시험,기말시험,과제",이성훈,"화2,3/사",3학점,3.25
218605,전공,멀티미디어학전공,자료구조론,다양한 자료구조를 C언어로의 구현 능력 배양,"C언어,중간시험,기말시험,과제",이성훈,"수6,7/사",3학점,3.25
219401,전공,멀티미디어학전공,유닉스시스템,시스템 운용과 관리를 능숙하게하기위해 기술들을 습득을 목표로 한다.,"C언어,중간시험,기말시험,팀플",이승화,"월7,8,9/사",3학점,4.76
219402,전공,멀티미디어학전공,유닉스시스템,리눅스 운영체제 지식을 이해하고 서버구축을 통한 서버이해,"C언어,발표",이성진,월7.8.9/사,3학점,3.58
367101,전공,멀티미디어학전공,JAVA프로그래밍,자바 프로그램의 문법을 이해하고 프로그램을 작성 할 수 있음.,"JAVA,중간시험,기말시험",강윤희,월4.5.6/사,3학점,3.31
367102,전공,멀티미디어학전공,JAVA프로그래밍,자바 프로그램의 문법을 이해하고 프로그램을 작성 할 수 있음.,"JAVA,중간시험,기말시험",강윤희,화5.6.7/사,3학점,3.31
367103,전공,멀티미디어학전공,JAVA프로그래밍,자바 프로그램에 대한 기초문법 이해.,"JAVA,중간시험,기말시험,과제",유진호,월7.8.9/사,3학점,4.63
367104,전공,멀티미디어학전공,JAVA프로그래밍,자바 프로그래밍을 응용과 실습을 통해 완전한 응용프로그램 작성능력을 갖춘다.,"JAVA,팀플",이수연,화2.3.4/사,3학점,5
367201,전공,멀티미디어학전공,C++프로그래밍,C++프로그래밍 언어의 문법을 기반으로 객체 지향 프로그램 학습,"C++,중간시험,기말시험",최미영,화1.2.3/사,3학점,4.22
367202,전공,멀티미디어학전공,C++프로그래밍,C++프로그래밍 언어의 문법을 기반으로 객체 지향 프로그램 학습,"C++,중간시험,기말시험",최미영,화4.5.6/사,3학점,5
367203,전공,멀티미디어학전공,C++프로그래밍,C++언어를 통해 클래스 설계 능력 및 프로그램 구현 능력 학습,"C++,중간시험,기말시험",곽노윤,월7.8.9/사,3학점,3.05
367204,전공,멀티미디어학전공,C++프로그래밍,C++언어의 기본 구조부터 상속 등 주요개념을 학습한다.,"C++,중간시험,기말시험",이현섭,목1.2.3/사,3학점,4.26
367404,전공,멀티미디어학전공,데이터베이스이론 및 실습,MYSQL 실습을 통해 데이터베이스에 대해 학습한다.,"SQL,팀플,발표",강상규,월1.2.3/사,3학점,4.64
367402,전공,멀티미디어학전공,데이터베이스이론 및 실습,이론적 내용을 바탕으로 직접 데이터에 대한 실질적인 처리 방법을 학습한다.,"SQL,기말시험",한군희,"화2,3,4",3학점,3.56
367406,전공,멀티미디어학전공,데이터베이스이론 및 실습,"데이터베이스의 기본 개념과 구조를 이해하고 설계,구축을 할 수 있다.","SQL,중간시험,기말시험",이창은,"화5,6,7,8",3학점,3.67
367407,전공,멀티미디어학전공,데이터베이스이론 및 실습,"데이터베이스의 기본 개념과 구조를 이해하고 설계,구축을 할 수 있다.","SQL,중간시험,기말시험",이창은,"수5,6,7,8",3학점,3.67
449401,전공,멀티미디어학전공,선형대수학,"행렬을 이용한 다양한 응용,벡터공간의 성질과 고유값과 관련 응용을 학습한다.","과제,중간시험,기말시험",차정희,"목1,2/사",3학점,3.65
614901,전공,멀티미디어학전공,빅데이터,"빅데이터사이언스에 대한 기본 개념,체계를 이해한다.","R,중간시험,기말시험,팀플",홍진근,"목1,2,3/사",3학점,1.65
685001,전공,멀티미디어학전공,UI/UX디자인,아이디어 발상 및 팀 브레인스토밍 활동으로 협업역량 강화,"팀플,발표",백순화,"수1,2,3/사",3학점,3.93
685002,전공,멀티미디어학전공,UI/UX디자인,아이디어 발상 및 팀 브레인스토밍 활동으로 협업역량 강화,"팀플,발표",백순화,"화5.6,7/사",3학점,3.93
966201,전공,멀티미디어학전공,파이썬응용,파이썬 언어를 활용하여 다양한 프로젝트를 수행할 수 있다.,"파이썬,중간시험,기말시험",정은화,"화2,3,4/사",3학점,1.67
966202,전공,멀티미디어학전공,파이썬응용,"파이썬의 기초가 확립된 학생들을 대상으로 데이터분석 ,시각화 프로그램을 작성할 수 있다.","파이썬,중간시험,기말시험,발표",차정희,"목4,5,6/사",3학점,3.09
966203,전공,멀티미디어학전공,파이썬응용,"파이썬의 기초가 확립된 학생들을 대상으로 데이터분석 ,시각화 프로그램을 작성할 수 있다.","파이썬,중간시험,기말시험,발표",차정희,"금4,5,6/사",3학점,3.09
320001,전공,멀티미디어학전공,인공지능,인공지능 개요 및 인공지능의 다양한 기술 설명,"팀플,중간시험,기말시험",이현섭,"화2,3/사",3학점,2.69
884201,전공,멀티미디어학전공,디지털영상처리,디지털 영상에 대한 기본 이해와 영상처리에 대한 개념을 응용한다.,"중간시험,기말시험",정은화,"수1,2,3/사",3학점,1.79
994201,전공,멀티미디어학전공,알고리즘 및 실습,동적프로그래밍 기법과 그리드 알고리즘을 이해한다.,"중간시험,기말시험",강윤희,"수1,2,3/사",3학점,4
994202,전공,멀티미디어학전공,알고리즘 및 실습,정렬의 기본을 알고 어려 정렬 알고리즘을 구현할 수 있다.,"파이썬,중간시험,기말시험",김병철,"수7,8,9/사",3학점,4
994203,전공,멀티미디어학전공,알고리즘 및 실습,각 알고리즘의 성능을 분석하고 이를 응용할 수 있는 방법을 습득한다.,"중간시험,기말시험",이현섭,"월5,6,7/사",3학점,2.33
994301,전공,멀티미디어학전공,웹응용프로그래밍,웹프론트엔드 개발 관련 문제 해결 능력 습득,"JAVA,팀플",강경우,"화7,8,9/사",3학점,4.33
351901,전공,멀티미디어학전공,3D캐릭터디자인,3D그래픽 시스템을 배우고 활용한다.,발표,김현숙,"목4,5,6/사",3학점,4.71
449301,전공,멀티미디어학전공,3D게임프로그래밍,유니티 엔진 3D 게임 제작에 필요한 기술을 배운다.,"유니티,과제,기말시험",이면재,"월4,5,6/사",3학점,3.27
623901,전공,멀티미디어학전공,캡스톤디자인,졸업프로젝트 교과목으로 포트폴리오 작성을 할 수 있다.,"발표,팀플",차정희,"금1,2",2학점,3
685501,전공,멀티미디어학전공,OpenCV프로그래밍,OpenCV라이브러리 함수를 활용한 모듈 프로그램 작성,"중간시험,기말시험,팀플",곽노윤,"수7,8,9/사",3학점,4
879501,전공,멀티미디어학전공,딥러닝 프로그래밍,딥러닝 알고리즘에 대해 학습한다.,"파이썬,기말시험,팀플",차대현,"화2,3,4/사",3학점,3.5
994401,전공,멀티미디어학전공,크로스플랫폼앱프로그래밍,리엑트 네이티브를 활용한 크로스플랫폼 앱 개발,팀플,강경우,"월7,8,9/사",3학점,5
154701,전공,정보통신학전공,이산수학,컴퓨터 공학의 이해를 높히고 논리적 사고를 배양한다.,"중간시험,기말시험,과제",최미영,"수2,3/사",3학점,4.66
154702,전공,정보통신학전공,이산수학,컴퓨터 공학의 이해를 높히고 논리적 사고를 배양한다.,"중간시험,기말시험,과제",최미영,"수4,5/사",3학점,4.66
367002,전공,정보통신학전공,C언어프로그래밍,C언어 문법을 이해하고 다양한 프로그래밍을 개발할 수 있도록 학습한다.,"C언어,중간시험,기말시험,과제",구미순,"월7,8,9/사",3학점,3.5
367003,전공,정보통신학전공,C언어프로그래밍,C언어 문법을 이해하고 다양한 프로그래밍을 개발할 수 있도록 학습한다.,"C언어,중간시험,기말시험,과제",구미순,"화7,8,9/사",3학점,3.5
367004,전공,정보통신학전공,C언어프로그래밍,C언어 문법을 익혀서 다양한 응용 프로그램을 개발 할 수 있다.,"C언어,팀플,기말시험",이승화,수1.2.3/사,3학점,4.73
367005,전공,정보통신학전공,C언어프로그래밍,"C언어의 특징과 설계, 코딩방법에 대해 배운다.","C언어,팀플",김귀정,"월4,5,6/사",3학점,4.27
367006,전공,정보통신학전공,C언어프로그래밍,"C언어의 특징과 설계, 코딩방법에 대해 배운다.","C언어,팀플",김귀정,"목4,5,6/사",3학점,4.27
948101,전공,정보통신학전공,파이썬 프로그래밍,파이썬 프로그래밍을 이용하여 IT분야 개발 능력을 배양한다.,"파이썬,중간시험,기말시험",홍경호,"수1,2,3/사",3학점,2.33
948102,전공,정보통신학전공,파이썬 프로그래밍,파이썬 언어를 사용하여 기본적인 문제해결 코딩을 할 수 있다.,"파이썬,중간시험,기말시험",김동우,목1.2.3/사,3학점,3.33
948104,전공,정보통신학전공,파이썬 프로그래밍,파이썬 문법을 익혀서 문제해결을 위한 프로그램을 설계한다.,"파이썬,중간시험,기말시험",구미순,"목7,8,9/사",3학점,4.6
367404,전공,정보통신학전공,데이터베이스이론 및 실습,MYSQL 실습을 통해 데이터베이스에 대해 학습한다.,"SQL,팀플,발표",강상규,월1.2.3/사,3학점,4.64
367402,전공,정보통신학전공,데이터베이스이론 및 실습,이론적 내용을 바탕으로 직접 데이터에 대한 실질적인 처리 방법을 학습한다.,"SQL,기말시험",한군희,"화2,3,4",3학점,3.56
367406,전공,정보통신학전공,데이터베이스이론 및 실습,"데이터베이스의 기본 개념과 구조를 이해하고 설계,구축을 할 수 있다.","SQL,중간시험,기말시험",이창은,"화5,6,7,8",3학점,3.67
367407,전공,정보통신학전공,데이터베이스이론 및 실습,"데이터베이스의 기본 개념과 구조를 이해하고 설계,구축을 할 수 있다.","SQL,중간시험,기말시험",이창은,"수5,6,7,8",3학점,3.67
634903,전공,정보통신학전공,캡스톤디자인,졸업프로젝트로 학생 역량 개발,"발표,팀플",임석구,"월8,9",2학점,5
615401,전공,정보통신학전공,창의기초프로젝트,아두이노 보드와 각종 디바이스구조와 사용법을 습득한다.,"중간시험,기말시험",임석구,"수1,2",2학점,4.83
118201,전공,정보통신학전공,데이터통신,데이터통신의 기본 개념을 이해할 수 있다.,"중간시험,기말시험",임석구,"월5,6,7",3학점,4.26
118202,전공,정보통신학전공,데이터통신,테이터 통신 방법을 조사 및 학습할 수 있다.,팀플,김민년,"화2,3/사",3학점,3.5
245401,전공,정보통신학전공,컴퓨터구조론,컴퓨터구조에 전반적인 내용에 대해 학습한다.,"중간시험,기말시험",홍경호,"목1,2,3",3학점,3.6
623801,전공,정보통신학전공,컴퓨터네트워크,테이터 통신과 TCP/IP배양 하는것을 목표로한다.,"기말시험,퀴즈",홍진근,"월1,2,3",3학점,3.83
154701,전공,소프트웨어학전공,이산수학,컴퓨터 공학의 이해를 높히고 논리적 사고를 배양한다.,"중간시험,기말시험,과제",최미영,"수2,3/사",3학점,4.66
154702,전공,소프트웨어학전공,이산수학,컴퓨터 공학의 이해를 높히고 논리적 사고를 배양한다.,"중간시험,기말시험,과제",최미영,"수4,5/사",3학점,4.66
367002,전공,소프트웨어학전공,C언어프로그래밍,C언어 문법을 이해하고 다양한 프로그래밍을 개발할 수 있도록 학습한다.,"C언어,중간시험,기말시험,과제",구미순,"월7,8,9/사",3학점,3.5
367003,전공,소프트웨어학전공,C언어프로그래밍,C언어 문법을 이해하고 다양한 프로그래밍을 개발할 수 있도록 학습한다.,"C언어,중간시험,기말시험,과제",구미순,"화7,8,9/사",3학점,3.5
367004,전공,소프트웨어학전공,C언어프로그래밍,C언어 문법을 익혀서 다양한 응용 프로그램을 개발 할 수 있다.,"C언어,팀플,기말시험",이승화,수1.2.3/사,3학점,4.73
367005,전공,소프트웨어학전공,C언어프로그래밍,"C언어의 특징과 설계, 코딩방법에 대해 배운다.","C언어,팀플",김귀정,"월4,5,6/사",3학점,4.27
367006,전공,소프트웨어학전공,C언어프로그래밍,"C언어의 특징과 설계, 코딩방법에 대해 배운다.","C언어,팀플",김귀정,"목4,5,6/사",3학점,4.27
948101,전공,소프트웨어학전공,파이썬 프로그래밍,파이썬 프로그래밍을 이용하여 IT분야 개발 능력을 배양한다.,"파이썬,중간시험,기말시험",홍경호,"수1,2,3/사",3학점,2.33
948102,전공,소프트웨어학전공,파이썬 프로그래밍,파이썬 언어를 사용하여 기본적인 문제해결 코딩을 할 수 있다.,"파이썬,중간시험,기말시험",김동우,목1.2.3/사,3학점,3.33
948104,전공,소프트웨어학전공,파이썬 프로그래밍,파이썬 문법을 익혀서 문제해결을 위한 프로그램을 설계한다.,"파이썬,중간시험,기말시험",구미순,"목7,8,9/사",3학점,4.6
218601,전공,소프트웨어학전공,자료구조론,다양한 자료구조를 C언어로의 구현 능력 배양,"C언어,중간시험,기말시험,과제",이성훈,"수1,2/사",3학점,3.25
218602,전공,소프트웨어학전공,자료구조론,다양한 자료구조를 C언어로의 구현 능력 배양,"C언어,중간시험,기말시험,과제",이성훈,"화6,7/사",3학점,3.25
218603,전공,소프트웨어학전공,자료구조론,다양한 자료구조를 C언어로의 구현 능력 배양,"C언어,중간시험,기말시험,과제",이성훈,"월5,6/사",3학점,3.25
218604,전공,소프트웨어학전공,자료구조론,다양한 자료구조를 C언어로의 구현 능력 배양,"C언어,중간시험,기말시험,과제",이성훈,"화2,3/사",3학점,3.25
218605,전공,소프트웨어학전공,자료구조론,다양한 자료구조를 C언어로의 구현 능력 배양,"C언어,중간시험,기말시험,과제",이성훈,"수6,7/사",3학점,3.25
219401,전공,소프트웨어학전공,유닉스시스템,시스템 운용과 관리를 능숙하게하기위해 기술들을 습득을 목표로 한다.,"C언어,중간시험,기말시험,팀플",이승화,"월7,8,9/사",3학점,4.76
219402,전공,소프트웨어학전공,유닉스시스템,리눅스 운영체제 지식을 이해하고 서버구축을 통한 서버이해,"C언어,발표",이성진,월7.8.9/사,3학점,3.58
367101,전공,소프트웨어학전공,JAVA프로그래밍,자바 프로그램의 문법을 이해하고 프로그램을 작성 할 수 있음.,"JAVA,중간시험,기말시험",강윤희,월4.5.6/사,3학점,3.31
367102,전공,소프트웨어학전공,JAVA프로그래밍,자바 프로그램의 문법을 이해하고 프로그램을 작성 할 수 있음.,"JAVA,중간시험,기말시험",강윤희,화5.6.7/사,3학점,3.31
367103,전공,소프트웨어학전공,JAVA프로그래밍,자바 프로그램에 대한 기초문법 이해.,"JAVA,중간시험,기말시험,과제",유진호,월7.8.9/사,3학점,4.63
367104,전공,소프트웨어학전공,JAVA프로그래밍,자바 프로그래밍을 응용과 실습을 통해 완전한 응용프로그램 작성능력을 갖춘다.,"JAVA,팀플",이수연,화2.3.4/사,3학점,5
367201,전공,소프트웨어학전공,C++프로그래밍,C++프로그래밍 언어의 문법을 기반으로 객체 지향 프로그램 학습,"C++,중간시험,기말시험",최미영,화1.2.3/사,3학점,4.22
367202,전공,소프트웨어학전공,C++프로그래밍,C++프로그래밍 언어의 문법을 기반으로 객체 지향 프로그램 학습,"C++,중간시험,기말시험",최미영,화4.5.6/사,3학점,5
367203,전공,소프트웨어학전공,C++프로그래밍,C++언어를 통해 클래스 설계 능력 및 프로그램 구현 능력 학습,"C++,중간시험,기말시험",곽노윤,월7.8.9/사,3학점,3.05
367204,전공,소프트웨어학전공,C++프로그래밍,C++언어의 기본 구조부터 상속 등 주요개념을 학습한다.,"C++,중간시험,기말시험",이현섭,목1.2.3/사,3학점,4.26
367404,전공,소프트웨어학전공,데이터베이스이론 및 실습,MYSQL 실습을 통해 데이터베이스에 대해 학습한다.,"SQL,개인프로젝트,발표",강상규,월1.2.3/사,3학점,4.64
367402,전공,소프트웨어학전공,데이터베이스이론 및 실습,이론적 내용을 바탕으로 직접 데이터에 대한 실질적인 처리 방법을 학습한다.,"SQL,기말시험",한군희,"화2,3,4",3학점,3.56
367406,전공,소프트웨어학전공,데이터베이스이론 및 실습,"데이터베이스의 기본 개념과 구조를 이해하고 설계,구축을 할 수 있다.","SQL,중간시험,기말시험",이창은,"화5,6,7,8",3학점,3.67
367407,전공,소프트웨어학전공,데이터베이스이론 및 실습,"데이터베이스의 기본 개념과 구조를 이해하고 설계,구축을 할 수 있다.","SQL,중간시험,기말시험",이창은,"수5,6,7,8",3학점,3.67
614901,전공,소프트웨어학전공,빅데이터,"빅데이터사이언스에 대한 기본 개념,체계를 이해한다.","R,중간시험,기말시험,팀플",홍진근,"목1,2,3/사",3학점,1.65
685001,전공,소프트웨어학전공,UI/UX디자인,아이디어 발상 및 팀 브레인스토밍 활동으로 협업역량 강화,"팀플,발표",백순화,"수1,2,3/사",3학점,3.93
685002,전공,소프트웨어학전공,UI/UX디자인,아이디어 발상 및 팀 브레인스토밍 활동으로 협업역량 강화,"팀플,발표",백순화,"화5.6,7/사",3학점,3.93
966201,전공,소프트웨어학전공,파이썬응용,파이썬 언어를 활용하여 다양한 프로젝트를 수행할 수 있다.,"파이썬,중간시험,기말시험",정은화,"화2,3,4/사",3학점,1.67
966202,전공,소프트웨어학전공,파이썬응용,"파이썬의 기초가 확립된 학생들을 대상으로 데이터분석 ,시각화 프로그램을 작성할 수 있다.","파이썬,중간시험,기말시험,발표",차정희,"목4,5,6/사",3학점,3.09
966203,전공,소프트웨어학전공,파이썬응용,"파이썬의 기초가 확립된 학생들을 대상으로 데이터분석 ,시각화 프로그램을 작성할 수 있다.","파이썬,중간시험,기말시험,발표",차정희,"금4,5,6/사",3학점,3.09
320001,전공,소프트웨어학전공,인공지능,인공지능 개요 및 인공지능의 다양한 기술 설명,"팀플,중간시험,기말시험",이현섭,"화2,3/사",3학점,2.69
994201,전공,소프트웨어학전공,알고리즘 및 실습,동적프로그래밍 기법과 그리드 알고리즘을 이해한다.,"중간시험,기말시험",강윤희,"수1,2,3/사",3학점,4
994202,전공,소프트웨어학전공,알고리즘 및 실습,정렬의 기본을 알고 어려 정렬 알고리즘을 구현할 수 있다.,"파이썬,중간시험,기말시험",김병철,"수7,8,9/사",3학점,4
994203,전공,소프트웨어학전공,알고리즘 및 실습,각 알고리즘의 성능을 분석하고 이를 응용할 수 있는 방법을 습득한다.,"중간시험,기말시험",이현섭,"월5,6,7/사",3학점,2.33
994301,전공,소프트웨어학전공,웹응용프로그래밍,웹프론트엔드 개발 관련 문제 해결 능력 습득,팀플,강경우,"화7,8,9/사",3학점,4.33
879501,전공,소프트웨어학전공,딥러닝 프로그래밍,딥러닝 알고리즘에 대해 학습한다.,"기말시험,팀플",차대현,"화2,3,4/사",3학점,3.5
623904,전공,소프트웨어학전공,캡스톤디자인,체계적이고 정확한 분석 설계능력 함양,팀플,이승화,"목5,6",2학점,3.5
994401,전공,소프트웨어학전공,크로스플랫폼앱프로그래밍,협업을 통한 프로젝트 개발 능력 배양,팀플,강경우,"월7,8,9/사",3학점,5
615401,전공,소프트웨어학전공,창의기초프로젝트,아두이노 보드와 각종 디바이스구조와 사용법을 습득한다.,"중간시험,기말시험",임석구,"수1,2",2학점,4.83
118201,전공,소프트웨어학전공,데이터통신,데이터통신의 기본 개념을 이해할 수 있다.,"중간시험,기말시험",임석구,"월5,6,7",3학점,4.26
118202,전공,소프트웨어학전공,데이터통신,테이터 통신 방법을 조사 및 학습할 수 있다.,팀플,김민년,"화2,3/사",3학점,3.5
245401,전공,소프트웨어학전공,컴퓨터구조론,컴퓨터구조에 전반적인 내용에 대해 학습한다.,"중간시험,기말시험",홍경호,"목1,2,3",3학점,3.6
218901,전공,소프트웨어학전공,운영체제론,운영체제의 전반적인 내용과 이론을 공부한다.,"중간시험,기말시험",한군희,"수1,2/사",3학점,3.76
271501,전공,소프트웨어학전공,유닉스프로그래밍,유닉스C프로그래밍으로 초급과정을 공부한다.,"C언어,중간시험,기말시험",유진호,"수7,8,9/사",3학점,3.75
910801,전공,소프트웨어학전공,웹프로그래밍,실무 웹 어플리케이션 프로트엔드 개발 능력 배양,팀플,강경우,"수7,8,9/사",3학점,3.94
910802,전공,소프트웨어학전공,웹프로그래밍,웹브라우저에서 실행되는 프로그램을 작성할 수 있다.,"중간시험,팀플",구민정,"월7,8,9/사",3학점,3.5
138101,전공,소프트웨어학전공,소프트웨어공학,소프트웨어를 개발할 수 있는 실무 중심의 경험적 지식 함양을 목표로한다.,팀플,이승화,"월4,5",3학점,4.5
685401,전공,소프트웨어학전공,JSP와서블릿,JSP개발환경을 구축할 수 있다.,"중간시험,기말시험",김병철,"목7,8,9/사",3학점,3.93
797401,전공,소프트웨어학전공,IoT응용제어,IoT개발환경을 이해하고 구축할 수 있다.,"중간시험,기말시험",임석구,"수5,6,7,8",3학점,5
624201,전공,소프트웨어학전공,스마트폰프로그래밍,모바일 앱을 만들 수 있는 기초능력과 보안 프로그램을 제작해본다.,팀플,구민정,"월4,5,6/사",3학점,4.63
624401,전공,소프트웨어학전공,객체지향모델링,객체지향모델링 방법을 익히고 소프트웨어를 설계한다.,팀플,한정수,"월6,7,8/사",3학점,3.42
911001,전공,소프트웨어학전공,JAVA 응용 프로그래밍,"자바 프로그래밍 개념과 방법을 알고,기본 프로그램을 작성할 수 있다.","JAVA,팀플",김병철,"수4,5,6/사",3학점,2.57
154701,전공,정보보호학전공,이산수학,컴퓨터 공학의 이해를 높히고 논리적 사고를 배양한다.,"중간시험,기말시험,과제",최미영,"수2,3/사",3학점,4.66
154702,전공,정보보호학전공,이산수학,컴퓨터 공학의 이해를 높히고 논리적 사고를 배양한다.,"중간시험,기말시험,과제",최미영,"수4,5/사",3학점,4.66
367002,전공,정보보호학전공,C언어프로그래밍,C언어 문법을 이해하고 다양한 프로그래밍을 개발할 수 있도록 학습한다.,"C언어,중간시험,기말시험,과제",구미순,"월7,8,9/사",3학점,3.5
367003,전공,정보보호학전공,C언어프로그래밍,C언어 문법을 이해하고 다양한 프로그래밍을 개발할 수 있도록 학습한다.,"C언어,중간시험,기말시험,과제",구미순,"화7,8,9/사",3학점,3.5
367004,전공,정보보호학전공,C언어프로그래밍,C언어 문법을 익혀서 다양한 응용 프로그램을 개발 할 수 있다.,"C언어,팀플,기말시험",이승화,수1.2.3/사,3학점,4.73
367005,전공,정보보호학전공,C언어프로그래밍,"C언어의 특징과 설계, 코딩방법에 대해 배운다.",팀플,김귀정,"C언어,월4,5,6/사",3학점,4.27
367006,전공,정보보호학전공,C언어프로그래밍,"C언어의 특징과 설계, 코딩방법에 대해 배운다.",팀플,김귀정,"C언어,목4,5,6/사",3학점,4.27
948101,전공,정보보호학전공,파이썬 프로그래밍,파이썬 프로그래밍을 이용하여 IT분야 개발 능력을 배양한다.,"파이썬,중간시험,기말시험",홍경호,"수1,2,3/사",3학점,2.33
948102,전공,정보보호학전공,파이썬 프로그래밍,파이썬 언어를 사용하여 기본적인 문제해결 코딩을 할 수 있다.,"파이썬,중간시험,기말시험",김동우,목1.2.3/사,3학점,3.33
948104,전공,정보보호학전공,파이썬 프로그래밍,파이썬 문법을 익혀서 문제해결을 위한 프로그램을 설계한다.,"파이썬,중간시험,기말시험",구미순,"목7,8,9/사",3학점,4.6
218601,전공,정보보호학전공,자료구조론,다양한 자료구조를 C언어로의 구현 능력 배양,"C언어,중간시험,기말시험,과제",이성훈,"수1,2/사",3학점,3.25
218602,전공,정보보호학전공,자료구조론,다양한 자료구조를 C언어로의 구현 능력 배양,"C언어,중간시험,기말시험,과제",이성훈,"화6,7/사",3학점,3.25
218603,전공,정보보호학전공,자료구조론,다양한 자료구조를 C언어로의 구현 능력 배양,"C언어,중간시험,기말시험,과제",이성훈,"월5,6/사",3학점,3.25
218604,전공,정보보호학전공,자료구조론,다양한 자료구조를 C언어로의 구현 능력 배양,"C언어,중간시험,기말시험,과제",이성훈,"화2,3/사",3학점,3.25
218605,전공,정보보호학전공,자료구조론,다양한 자료구조를 C언어로의 구현 능력 배양,"C언어,중간시험,기말시험,과제",이성훈,"수6,7/사",3학점,3.25
218605,전공,정보보호학전공,자료구조론,다양한 자료구조를 C언어로의 구현 능력 배양,"C언어,중간시험,기말시험,과제",이성훈,"수6,7/사",3학점,3.25
219401,전공,정보보호학전공,유닉스시스템,시스템 운용과 관리를 능숙하게하기위해 기술들을 습득을 목표로 한다.,"C언어,중간시험,기말시험,팀플",이승화,"월7,8,9/사",3학점,4.76
219402,전공,정보보호학전공,유닉스시스템,리눅스 운영체제 지식을 이해하고 서버구축을 통한 서버이해,"C언어,발표",이성진,월7.8.9/사,3학점,3.58
367101,전공,정보보호학전공,JAVA프로그래밍,자바 프로그램의 문법을 이해하고 프로그램을 작성 할 수 있음.,"JAVA,중간시험,기말시험",강윤희,월4.5.6/사,3학점,3.31
367102,전공,정보보호학전공,JAVA프로그래밍,자바 프로그램의 문법을 이해하고 프로그램을 작성 할 수 있음.,"JAVA,중간시험,기말시험",강윤희,화5.6.7/사,3학점,3.31
367103,전공,정보보호학전공,JAVA프로그래밍,자바 프로그램에 대한 기초문법 이해.,"JAVA,중간시험,기말시험,과제",유진호,월7.8.9/사,3학점,4.63
367104,전공,정보보호학전공,JAVA프로그래밍,자바 프로그래밍을 응용과 실습을 통해 완전한 응용프로그램 작성능력을 갖춘다.,"JAVA,팀플",이수연,화2.3.4/사,3학점,5
367404,전공,정보보호학전공,데이터베이스이론 및 실습,MYSQL 실습을 통해 데이터베이스에 대해 학습한다.,"SQL,개인프로젝트,발표",강상규,월1.2.3/사,3학점,4.64
367402,전공,정보보호학전공,데이터베이스이론 및 실습,이론적 내용을 바탕으로 직접 데이터에 대한 실질적인 처리 방법을 학습한다.,"SQL,기말시험",한군희,"화2,3,4",3학점,3.56
367406,전공,정보보호학전공,데이터베이스이론 및 실습,"데이터베이스의 기본 개념과 구조를 이해하고 설계,구축을 할 수 있다.","SQL,중간시험,기말시험",이창은,"화5,6,7,8",3학점,3.67
367407,전공,정보보호학전공,데이터베이스이론 및 실습,"데이터베이스의 기본 개념과 구조를 이해하고 설계,구축을 할 수 있다.","SQL,중간시험,기말시험",이창은,"수5,6,7,8",3학점,3.67
615401,전공,정보보호학전공,창의기초프로젝트,아두이노 보드와 각종 디바이스구조와 사용법을 습득한다.,"중간시험,기말시험",임석구,"수1,2",2학점,4.83
623801,전공,정보보호학전공,컴퓨터네트워크,테이터 통신과 TCP/IP배양 하는것을 목표로한다.,"기말시험,퀴즈",홍진근,"월1,2,3",3학점,3.83
218901,전공,정보보호학전공,운영체제론,운영체제의 전반적인 내용과 이론을 공부한다.,"중간시험,기말시험",한군희,"수1,2/사",3학점,3.76
685701,전공,정보보호학전공,정보보안법규,법제도에 대해 이해할 수 있다.,"중간시험,기말시험",이성진,"수2,3",3학점,4
880101,전공,정보보호학전공,블록체인개론,블록체인의 기본개념과 작동방식에 대해 이해한다.,"중간시험,기말시험,과제",김동우,"화4,5,6/사",3학점,5
977301,전공,정보보호학전공,정보보호개론,정보보호에 대한 기본적인 개념을 학습하고 실무이해능력을 개발한다.,팀플,이근호,"월4,5,6/사",3학점,3.5
880301,전공,정보보호학전공,파이썬보안프로그래밍,파이썬을 이용한 다양한 보안 프로그램 설계,"파이썬,팀플",김귀정,"화5,6,7/사",3학점,3.68
880401,전공,정보보호학전공,전자상거래보안 이론 및 실습,인터넷 상거래를 위한 정보 보안 기술에 대하여 학습한다.,팀플,윤성현,"수1,2,3/사",3학점,4.67
972501,전공,정보보호학전공,iOS프로그래밍,아이폰 기반의 앱을 기획하고 설계 구현방법을 익힌다.,팀플,윤성현,"월4,5,6/사",3학점,3.5
624801,전공,정보보호학전공,보안전문가실무,네트워크의 기본적인 이론부터 CCNA내용을 배운다.,"중간시험,기말시험",강혁,"화2,3,4/사",3학점,3.5
625201,전공,정보보호학전공,디지털포렌식스,디지털증거를 이해할 수 있다.,"중간시험,기말시험",이성진,"화6,7,8/사",3학점,3.69
685901,전공,정보보호학전공,정보보호관리체계,정보보호 컨설팅 방법에 대해 학습한다.,"중간시험,기말시험",이근호,"화6,7,8/사",3학점,2.83
948401,전공,정보보호학전공,융합보안,융합 통신 정보 보안기술 엔지니어가 갖추어야할 실무지식 학습.,팀플,윤장홍,"화5,6,7/사",3학점,5
154701,전공,인공지능학전공,이산수학,컴퓨터 공학의 이해를 높히고 논리적 사고를 배양한다.,"중간시험,기말시험,과제",최미영,"수2,3/사",3학점,4.66
154702,전공,인공지능학전공,이산수학,컴퓨터 공학의 이해를 높히고 논리적 사고를 배양한다.,"중간시험,기말시험,과제",최미영,"수4,5/사",3학점,4.66
367002,전공,인공지능학전공,C언어프로그래밍,C언어 문법을 이해하고 다양한 프로그래밍을 개발할 수 있도록 학습한다.,"C언어,중간시험,기말시험,과제",구미순,"월7,8,9/사",3학점,3.5
367003,전공,인공지능학전공,C언어프로그래밍,C언어 문법을 이해하고 다양한 프로그래밍을 개발할 수 있도록 학습한다.,"C언어,중간시험,기말시험,과제",구미순,"화7,8,9/사",3학점,3.5
367004,전공,인공지능학전공,C언어프로그래밍,C언어 문법을 익혀서 다양한 응용 프로그램을 개발 할 수 있다.,"C언어,팀플,기말시험",이승화,수1.2.3/사,3학점,4.73
367005,전공,인공지능학전공,C언어프로그래밍,"C언어의 특징과 설계, 코딩방법에 대해 배운다.","C언어,팀플",김귀정,"월4,5,6/사",3학점,4.27
367006,전공,인공지능학전공,C언어프로그래밍,"C언어의 특징과 설계, 코딩방법에 대해 배운다.","C언어,팀플",김귀정,"목4,5,6/사",3학점,4.27
948101,전공,인공지능학전공,파이썬 프로그래밍,파이썬 프로그래밍을 이용하여 IT분야 개발 능력을 배양한다.,"파이썬,중간시험,기말시험",홍경호,"수1,2,3/사",3학점,2.33
948102,전공,인공지능학전공,파이썬 프로그래밍,파이썬 언어를 사용하여 기본적인 문제해결 코딩을 할 수 있다.,"파이썬,중간시험,기말시험",김동우,목1.2.3/사,3학점,3.33
948104,전공,인공지능학전공,파이썬 프로그래밍,파이썬 문법을 익혀서 문제해결을 위한 프로그램을 설계한다.,"파이썬,중간시험,기말시험",구미순,"목7,8,9/사",3학점,4.6
218601,전공,인공지능학전공,자료구조론,다양한 자료구조를 C언어로의 구현 능력 배양,"C언어,중간시험,기말시험,과제",이성훈,"수1,2/사",3학점,3.25
218602,전공,인공지능학전공,자료구조론,다양한 자료구조를 C언어로의 구현 능력 배양,"C언어,중간시험,기말시험,과제",이성훈,"화6,7/사",3학점,3.25
218603,전공,인공지능학전공,자료구조론,다양한 자료구조를 C언어로의 구현 능력 배양,"C언어,중간시험,기말시험,과제",이성훈,"월5,6/사",3학점,3.25
218604,전공,인공지능학전공,자료구조론,다양한 자료구조를 C언어로의 구현 능력 배양,"C언어,중간시험,기말시험,과제",이성훈,"화2,3/사",3학점,3.25
218605,전공,인공지능학전공,자료구조론,다양한 자료구조를 C언어로의 구현 능력 배양,"C언어,중간시험,기말시험,과제",이성훈,"수6,7/사",3학점,3.25
218605,전공,인공지능학전공,자료구조론,다양한 자료구조를 C언어로의 구현 능력 배양,"C언어,중간시험,기말시험,과제",이성훈,"수6,7/사",3학점,3.25
219401,전공,인공지능학전공,유닉스시스템,시스템 운용과 관리를 능숙하게하기위해 기술들을 습득을 목표로 한다.,"C언어,중간시험,기말시험,팀플",이승화,"월7,8,9/사",3학점,4.76
219402,전공,인공지능학전공,유닉스시스템,리눅스 운영체제 지식을 이해하고 서버구축을 통한 서버이해,"C언어,발표",이성진,월7.8.9/사,3학점,3.58
367101,전공,인공지능학전공,JAVA프로그래밍,자바 프로그램의 문법을 이해하고 프로그램을 작성 할 수 있음.,"JAVA,중간시험,기말시험",강윤희,월4.5.6/사,3학점,3.31
367102,전공,인공지능학전공,JAVA프로그래밍,자바 프로그램의 문법을 이해하고 프로그램을 작성 할 수 있음.,"JAVA,중간시험,기말시험",강윤희,화5.6.7/사,3학점,3.31
367103,전공,인공지능학전공,JAVA프로그래밍,자바 프로그램에 대한 기초문법 이해.,"JAVA,중간시험,기말시험,과제",유진호,월7.8.9/사,3학점,4.63
367104,전공,인공지능학전공,JAVA프로그래밍,자바 프로그래밍을 응용과 실습을 통해 완전한 응용프로그램 작성능력을 갖춘다.,"JAVA,팀플",이수연,화2.3.4/사,3학점,5
367201,전공,인공지능학전공,C++프로그래밍,C++프로그래밍 언어의 문법을 기반으로 객체 지향 프로그램 학습,"C++,중간시험,기말시험",최미영,화1.2.3/사,3학점,4.22
367202,전공,인공지능학전공,C++프로그래밍,C++프로그래밍 언어의 문법을 기반으로 객체 지향 프로그램 학습,"C++,중간시험,기말시험",최미영,화4.5.6/사,3학점,5
367203,전공,인공지능학전공,C++프로그래밍,C++언어를 통해 클래스 설계 능력 및 프로그램 구현 능력 학습,"C++,중간시험,기말시험",곽노윤,월7.8.9/사,3학점,3.05
367204,전공,인공지능학전공,C++프로그래밍,C++언어의 기본 구조부터 상속 등 주요개념을 학습한다.,"C++,중간시험,기말시험",이현섭,목1.2.3/사,3학점,4.26
367404,전공,인공지능학전공,데이터베이스이론 및 실습,MYSQL 실습을 통해 데이터베이스에 대해 학습한다.,"SQL,개인프로젝트,발표",강상규,월1.2.3/사,3학점,4.64
367402,전공,인공지능학전공,데이터베이스이론 및 실습,이론적 내용을 바탕으로 직접 데이터에 대한 실질적인 처리 방법을 학습한다.,"SQL,기말시험",한군희,"화2,3,4",3학점,3.56
367406,전공,인공지능학전공,데이터베이스이론 및 실습,"데이터베이스의 기본 개념과 구조를 이해하고 설계,구축을 할 수 있다.","SQL,중간시험,기말시험",이창은,"화5,6,7,8",3학점,3.67
367407,전공,인공지능학전공,데이터베이스이론 및 실습,"데이터베이스의 기본 개념과 구조를 이해하고 설계,구축을 할 수 있다.","SQL,중간시험,기말시험",이창은,"수5,6,7,8",3학점,3.67
449401,전공,인공지능학전공,선형대수학,"행렬을 이용한 다양한 응용,벡터공간의 성질과 고유값과 관련 응용을 학습한다.","중간시험,기말시험",차정희,"목1,2/사",3학점,3.65
614901,전공,인공지능학전공,빅데이터,"빅데이터사이언스에 대한 기본 개념,체계를 이해한다.","중간시험,기말시험,팀플",홍진근,"목1,2,3/사",3학점,1.65
966201,전공,인공지능학전공,파이썬응용,파이썬 언어를 활용하여 다양한 프로젝트를 수행할 수 있다.,"파이썬,중간시험,기말시험",정은화,"화2,3,4/사",3학점,1.67
966202,전공,인공지능학전공,파이썬응용,"파이썬의 기초가 확립된 학생들을 대상으로 데이터분석 ,시각화 프로그램을 작성할 수 있다.","파이썬,중간시험,기말시험,발표",차정희,"목4,5,6/사",3학점,3.09
966203,전공,인공지능학전공,파이썬응용,"파이썬의 기초가 확립된 학생들을 대상으로 데이터분석 ,시각화 프로그램을 작성할 수 있다.","파이썬,중간시험,기말시험,발표",차정희,"금4,5,6/사",3학점,3.09
320001,전공,인공지능학전공,인공지능,인공지능 개요 및 인공지능의 다양한 기술 설명,"팀플,중간시험,기말시험",이현섭,"화2,3/사",3학점,2.69
884201,전공,인공지능학전공,디지털영상처리,디지털 영상에 대한 기본 이해와 영상처리에 대한 개념을 응용한다.,"중간시험,기말시험",정은화,"수1,2,3/사",3학점,1.79
994201,전공,인공지능학전공,알고리즘 및 실습,동적프로그래밍 기법과 그리드 알고리즘을 이해한다.,"중간시험,기말시험",강윤희,"수1,2,3/사",3학점,4
994202,전공,인공지능학전공,알고리즘 및 실습,정렬의 기본을 알고 어려 정렬 알고리즘을 구현할 수 있다.,"파이썬,중간시험,기말시험",김병철,"수7,8,9/사",3학점,4
994203,전공,인공지능학전공,알고리즘 및 실습,각 알고리즘의 성능을 분석하고 이를 응용할 수 있는 방법을 습득한다.,"중간시험,기말시험",이현섭,"월5,6,7/사",3학점,2.33
685501,전공,인공지능학전공,OpenCV프로그래밍,OpenCV라이브러리 함수를 활용한 모듈 프로그램 작성,"중간시험,기말시험,팀플",곽노윤,"수7,8,9/사",3학점,4
879501,전공,인공지능학전공,딥러닝 프로그래밍,딥러닝 알고리즘에 대해 학습한다.,"기말시험,팀플",차대현,"화2,3,4/사",3학점,3.5
615401,전공,인공지능학전공,창의기초프로젝트,아두이노 보드와 각종 디바이스구조와 사용법을 습득한다.,"중간시험,기말시험",임석구,"수1,2",2학점,4.83
118201,전공,인공지능학전공,데이터통신,데이터통신의 기본 개념을 이해할 수 있다.,"중간시험,기말시험",임석구,"월5,6,7",3학점,4.26
118202,전공,인공지능학전공,데이터통신,테이터 통신 방법을 조사 및 학습할 수 있다.,팀플,김민년,"화2,3/사",3학점,3.5
245401,전공,인공지능학전공,컴퓨터구조론,컴퓨터구조에 전반적인 내용에 대해 학습한다.,"중간시험,기말시험,과제",홍경호,"목1,2,3",3학점,3.6
218901,전공,인공지능학전공,운영체제론,운영체제의 전반적인 내용과 이론을 공부한다.,"중간시험,기말시험",한군희,"수1,2/사",3학점,3.76
910801,전공,인공지능학전공,웹프로그래밍,실무 웹 어플리케이션 프로트엔드 개발 능력 배양,팀플,강경우,"수7,8,9/사",3학점,3.94
910802,전공,인공지능학전공,웹프로그래밍,웹브라우저에서 실행되는 프로그램을 작성할 수 있다.,"중간시험,팀플",구민정,"월7,8,9/사",3학점,3.5
797401,전공,인공지능학전공,IoT응용제어,IoT개발환경을 이해하고 구축할 수 있다.,"중간시험,기말시험",임석구,"수5,6,7,8",3학점,5
797501,전공,인공지능학전공,드론제어 및 실습,아두이노 틀 사용 및 프로그래밍 이해,실습,윤택현,"목1,2,3,4",3학점,3.4
3006801,전공,빅데이터전공,빅데이터와사이버보안,빅데이터 운용 환경에서 개인&기업이 보유하고 있는 개인정보를 안전하게 보호하는 능력 함양,"개인프로젝트,쪽지시험,기말시험",김영진,"수7,8,9/사",3학점,0
3007001,전공,빅데이터전공,첨단기술의이해,"빅데이터분석,iot,첨단로봇공학,청정에너지기술등 첨단기술을 학습하는 발표&토론중심의 과목.","중간시험,기말시험",채규수,"목5,6",3학점,0
3007002,전공,빅데이터전공,첨단기술의이해,"빅데이터분석,iot,첨단로봇공학,청정에너지기술등 첨단기술을 학습하는 발표&토론중심의 과목.","발표,중간시험,기말시험",신은정,"금4,5,6",3학점,0
3022401,전공,빅데이터전공,데이터마이닝,빅데이터와비즈니스데이터를 취합하는과정에서부터 지식을 생성하는 과정까지의 사항을 다룬다.,"보고서,중간시험,기말시험",홍진근,"목4,5,6",3학점,2.92
367002,전공,빅데이터전공,c언어프로그래밍,C언어의 문법을 익혀서 응용프로그램을 개발할 수 있는 전공의 ICT기반 능력을 함양.,"실습,중간시험,기말시험",구미순,"월7,8,9",3학점,0
367003,전공,빅데이터전공,c언어프로그래밍,C언어의 문법을 익혀서 응용프로그램을 개발할 수 있는 전공의 ICT기반 능력을 함양.,"실습,중간시험,기말시험",구미순,"화7,8,9",3학점,0
367004,전공,빅데이터전공,c언어프로그래밍,C언어의 문법을 익혀서 응용프로그램을 개발할 수 있는 전공의 ICT기반 능력을 함양.,"팀플,중간시험,기말시험",이승화,"수1,2,3",3학점,4.73
367005,전공,빅데이터전공,c언어프로그래밍,C언어의 문법을 익혀서 응용프로그램을 개발할 수 있는 전공의 ICT기반 능력을 함양.,"팀플,발표,중간시험,기말시험",김귀정,"월4,5,6",3학점,4.27
367006,전공,빅데이터전공,c언어프로그래밍,C언어의 문법을 익혀서 응용프로그램을 개발할 수 있는 전공의 ICT기반 능력을 함양.,"팀플,발표,중간시험,기말시험",김귀정,"목4,5,6",3학점,4.27
948101,전공,빅데이터전공,파이썬프로그래밍,파이썬 프로그램을 이용하여 IT분야 프로그램을 개발할 수 있는 능력을 배양하는교과목,"과제,실습,중간시험,기말시험",홍경호,"수1,2,3",3학점,2.33
948102,전공,빅데이터전공,파이썬프로그래밍,파이썬 프로그램을 이용하여 IT분야 프로그램을 개발할 수 있는 능력을 배양하는교과목,"팀플,중간시험,기말시험",김동우,"목1,2,3",3학점,3.33
948104,전공,빅데이터전공,파이썬프로그래밍,파이썬 프로그램을 이용하여 IT분야 프로그램을 개발할 수 있는 능력을 배양하는교과목,"중간시험,기말시험",구미순,"목7,8,9",3학점,4.6
218601,전공,빅데이터전공,자료구조론,자료구조론의 명확한 개념과 C언어를 이용한 구현 내용학습과 적합한 자료구조를 선택할 수있는 능력배양.,"중간시험,기말시험",이성훈,"수1,2",3학점,3.25
218602,전공,빅데이터전공,자료구조론,자료구조론의 명확한 개념과 C언어를 이용한 구현 내용학습과 적합한 자료구조를 선택할 수있는 능력배양.,"중간시험,기말시험",이성훈,"화6,7",3학점,3.25
218603,전공,빅데이터전공,자료구조론,자료구조론의 명확한 개념과 C언어를 이용한 구현 내용학습과 적합한 자료구조를 선택할 수있는 능력배양.,"중간시험,기말시험",이성훈,"월5,6",3학점,3.25
218604,전공,빅데이터전공,자료구조론,자료구조론의 명확한 개념과 C언어를 이용한 구현 내용학습과 적합한 자료구조를 선택할 수있는 능력배양.,"중간시험,기말시험",이성훈,"화2,3",3학점,3.25
218605,전공,빅데이터전공,자료구조론,자료구조론의 명확한 개념과 C언어를 이용한 구현 내용학습과 적합한 자료구조를 선택할 수있는 능력배양.,"중간시험,기말시험",이성훈,"수6,7",3학점,3.25
367101,전공,빅데이터전공,JAVA프로그래밍,객체지향 개념을 기반으로 자바언어 문법 및 프로그래밍 기법을 학습한다.,"실습,중간시험,기말시험",강윤희,"월4,5,6",3학점,3.31
367102,전공,빅데이터전공,JAVA프로그래밍,객체지향 개념을 기반으로 자바언어 문법 및 프로그래밍 기법을 학습한다.,"실습,중간시험,기말시험",강윤희,"화5,6,7",3학점,3.31
367103,전공,빅데이터전공,JAVA프로그래밍,객체지향 개념을 기반으로 자바언어 문법 및 프로그래밍 기법을 학습한다.,"과제,중간시험,기말시험",유진호,"월7,8,9",3학점,4.63
367104,전공,빅데이터전공,JAVA프로그래밍,객체지향 개념을 기반으로 자바언어 문법 및 프로그래밍 기법을 학습한다.,"실습,개인프로젝트",이수연,"화2,3,4",3학점,5
367201,전공,빅데이터전공,c++프로그래밍,C++활용한 프로그램 개발을 위하여 객체지향프로그램언어의3대 속성을 중심으로 학습한다.,"개인프로젝트,중간시험,기말시험",최미영,"화1,2,3",3학점,4.22
367202,전공,빅데이터전공,c++프로그래밍,C++활용한 프로그램 개발을 위하여 객체지향프로그램언어의4대 속성을 중심으로 학습한다.,"개인프로젝트,중간시험,기말시험",최미영,"화4,5,6",3학점,4.22
367203,전공,빅데이터전공,c++프로그래밍,C++활용한 프로그램 개발을 위하여 객체지향프로그램언어의5대 속성을 중심으로 학습한다.,"중간시험,기말시험,과제,팀플",곽노윤,"월7,8,9",3학점,3.05
367204,전공,빅데이터전공,c++프로그래밍,C++활용한 프로그램 개발을 위하여 객체지향프로그램언어의6대 속성을 중심으로 학습한다.,"중간시험,기말시험,팀플",이현섭,"목1,2,3",3학점,4.26
367404,전공,빅데이터전공,데이터베이스이론및실습,"데이터베이스의 기본개념과 일반 이론에 대하여 학습하며, 데이터베이스 모델을 설계한다.","팀플,실습",강상규,"월1,2,3",3학점,0
614901,전공,빅데이터전공,빅데이터,"빅데이터의 기본적인 개념과 기술, 사회에서의 활용의 내용과 데이터분석방법에 대해 학습한다.","중간시험,기말시험",홍진근,"목1,2,3",3학점,1.67
966201,전공,빅데이터전공,파이썬응용,파이썬을 활용한 다양한 프로젝트를 수행하여 실제활용할 수 있는 응용 프로그램을 개발한다.,"실습,기말시험",정은화,"화2,3,4",3학점,1.67
966202,전공,빅데이터전공,파이썬응용,파이썬을 활용한 다양한 프로젝트를 수행하여 실제활용할 수 있는 응용 프로그램을 개발한다.,"중간시험,팀플,과제",차정희,"목4,5,6",3학점,3.09
966205,전공,빅데이터전공,파이썬응용,파이썬을 활용한 다양한 프로젝트를 수행하여 실제활용할 수 있는 응용 프로그램을 개발한다.,"중간시험,팀플,과제",차정희,"금4,5,6",3학점,3.09
367402,전공,빅데이터전공,데이터베이스이론및실습,"데이터베이스의 기본개념과 일반 이론에 대하여 학습하며, 데이터베이스 모델을 설계한다.","중간시험,기말시험,실습",한군희,"화2,3,4",3학점,3.56
367406,전공,빅데이터전공,데이터베이스이론및실습,"데이터베이스의 기본개념과 일반 이론에 대하여 학습하며, 데이터베이스 모델을 설계한다.","실습,중간시험,기말시험",이창은,"화5,6,7,8",3학점,0
367407,전공,빅데이터전공,데이터베이스이론및실습,"데이터베이스의 기본개념과 일반 이론에 대하여 학습하며, 데이터베이스 모델을 설계한다.","실습,중간시험,기말시험",이창은,"수5,6,7,8",3학점,0
685501,전공,빅데이터전공,opencv프로그래밍,OpenCV라이브러리 활용을 통해 OpenCV응용 프로그램 개발에 필요한 기능을 정의할 수 있다.,"중간시험,기말시험,팀플,과제",곽노윤,"수7,8,9",3학점,4
879501,전공,빅데이터전공,딥러닝프로그래밍,센서기반의 사물인터넷을 통해 수집되는 데이터를 인공지능 알고리즘 실습을 활용하여 사용할 수 있게 학습.,"팀플,실습",차대현,"화2,3,4",3학점,3.4
623801,전공,빅데이터전공,컴퓨터네트워크,"OS 7계층을 중심으로 관련 프로토콜, TCP/IP에 제시되고 있는 주요 프로토콜을 중심으로 학습하고 실무능력개발.","중간시험,기말시험",홍진근,"월1,2,3",3학점,3.83
271501,전공,빅데이터전공,유닉스프로그래밍,"유닉스 시스템 상의 프로그래밍 일반 이론을 학습, 기본적인 프로그래밍 능력을 실습. ","중간시험,기말시험",유진호,"월7,8,9",3학점,3.75
624201,전공,빅데이터전공,스마트폰프로그래밍,모바일 앱을 제작할 수 있는 기초 프로그래밍 능력과 주의할 보안 프로그램을 제작해본다. ,"중간시험,팀플",구민정,"월4,5,6",3학점,4.63
957601,전공,빅데이터전공,인공지능,인공지능의 기본적인 기술동향과 이론을 공부하고 파이썬을 사용하여 머신러닝과 딥러닝의 개념들을 익힌다.,"실습,중간시험,기말시험",차대현,"수1,2,3",3학점,4.77
961001,전공,빅데이터전공,소셜네트워크분석,"대규모 소셜네트워크에서 발생하는 상호작용을 이해하는데 필요한 그래프 이론&네트워크을 보고 구조,역동성을 분석.","기말시험,과제,실습",윤혜진,"금4,5,6",3학점,5
776801,전공,빅데이터전공,캡스톤디자인,팀별 프로젝트 계획을 세우고 정해진 문서 포맷에 따라 한학기 동안 프로젝트를 진행한다. ,팀플,차대현,"월1,2,3",3학점,0
958201,전공,빅데이터전공,클라우드응용시스템,클라우드 환경에서 자원구축을 위한 오픈소스 기반 도구를 학습한다.(도커&쿠버네티스 같은 자동화 도구활용),"중간시험,기말시험,실습",김진성,"수7,8,9",3학점,0
961201,전공,빅데이터전공,데이터아키텍처설계,데이터 통합 방법 및 데이터 웨어 하우스기법과 오픈소스 기반Hive활용 통합 및 검색 활용,"팀플,중간시험,기말시험",김진성,"수4,5,6",3학점,0
961301,전공,빅데이터전공,데이터분석과시각화,정보와 데이터의 사용자인지 효과를 높이기 위해 시각적 요소와 인간의 인지적 특성에 관련된 이론 이해.,"중간시험,기말시험,실습",유진호,"화2,3,4",3학점,3.67
3007001,전공,ar/vr전공,첨단기술의이해,"빅데이터분석,iot,첨단로봇공학,청정에너지기술등 첨단기술을 학습하는 발표&토론중심의 과목.","중간시험,기말시험",채규수,"목5,6",3학점,0
3007002,전공,ar/vr전공,첨단기술의이해,"빅데이터분석,iot,첨단로봇공학,청정에너지기술등 첨단기술을 학습하는 발표&토론중심의 과목.","발표,중간시험,기말시험",신은정,"금4,5,6",3학점,0
3008801,전공,ar/vr전공,콘텐츠기획및실습,ar/vr기술 및 기획 서비스에 대한 이해를 통해 기존ar/vr콘텐츠 분석 및 기획서 작성 실무에 대해 학습한다.,"팀플,발표",조용석,"화1,2,3",3학점,3.33
3008901,전공,ar/vr전공,3D모션그래픽,3D소프트웨어의 비물리적 공간에서 현실의 물리적 움직임을 표현하는 방법인 애니메이션 기법을 학습한다.,"실습,발표,중간시험",김현숙,"수4,5,6",3학점,4
3009001,전공,ar/vr전공,3D레벨디자인,사용자의 가상세계 이동 동선의 환경을 기반으로 가상공간의 이벤트들이 연결된 공간 구성방식들을 학습한다.,"실습,중간시험,기말시험",임장훈,"화5,6,7",3학점,0
3020701,전공,ar/vr전공,영상촬영과편집,영상과 촬영에 대한 기초이론과 실습을 통해 다양한 영상물을 제작할 수 있는 능력을 배양한다. ,"실습,중간시험,기말시험",임장훈,"월7,8,9",3학점,3.67
3020801,전공,ar/vr전공,UI/UX프로그래밍(HTML),웹에서UI구성에 대한 기본적인 내용 및 실습을 통한 실무 기술을 학습하고 유니티UI/UX구성방법을 실습한다.,"팀플,실습,과제",김달현,"화2,3,4",3학점,0
3021201,전공,ar/vr전공,XR캡스톤디자인,실전 프로젝트에 필요한 ar에대한 이해와 활용과 vr제작 역량을 이해한다.,"실습,중간시험,기말시험",임장훈,"수5,6,7,8",3학점,0
367002,전공,ar/vr전공,c언어프로그래밍,C언어의 문법을 익혀서 응용프로그램을 개발할 수 있는 전공의 ICT기반 능력을 함양.,"실습,중간시험,기말시험",구미순,"월7,8,9",3학점,0
367003,전공,ar/vr전공,c언어프로그래밍,C언어의 문법을 익혀서 응용프로그램을 개발할 수 있는 전공의 ICT기반 능력을 함양.,"실습,중간시험,기말시험",구미순,"화7,8,9",3학점,0
367004,전공,ar/vr전공,c언어프로그래밍,C언어의 문법을 익혀서 응용프로그램을 개발할 수 있는 전공의 ICT기반 능력을 함양.,"팀플,중간시험,기말시험",이승화,"수1,2,3",3학점,4.73
367005,전공,ar/vr전공,c언어프로그래밍,C언어의 문법을 익혀서 응용프로그램을 개발할 수 있는 전공의 ICT기반 능력을 함양.,"팀플,발표,중간시험,기말시험",김귀정,"월4,5,6",3학점,4.27
367006,전공,ar/vr전공,c언어프로그래밍,C언어의 문법을 익혀서 응용프로그램을 개발할 수 있는 전공의 ICT기반 능력을 함양.,"팀플,발표,중간시험,기말시험",김귀정,"목4,5,6",3학점,4.27
948101,전공,ar/vr전공,파이썬프로그래밍,파이썬 프로그램을 이용하여 IT분야 프로그램을 개발할 수 있는 능력을 배양하는교과목,"과제,실습,중간시험,기말시험",홍경호,"수1,2,3",3학점,2.33
948102,전공,ar/vr전공,파이썬프로그래밍,파이썬 프로그램을 이용하여 IT분야 프로그램을 개발할 수 있는 능력을 배양하는교과목,"팀플,중간시험,기말시험",김동우,"목1,2,3",3학점,3.33
948104,전공,ar/vr전공,파이썬프로그래밍,파이썬 프로그램을 이용하여 IT분야 프로그램을 개발할 수 있는 능력을 배양하는교과목,"중간시험,기말시험",구미순,"목7,8,9",3학점,4.6
218601,전공,ar/vr전공,자료구조론,자료구조론의 명확한 개념과 C언어를 이용한 구현 내용학습과 적합한 자료구조를 선택할 수있는 능력배양.,"중간시험,기말시험",이성훈,"수1,2",3학점,3.25
218602,전공,ar/vr전공,자료구조론,자료구조론의 명확한 개념과 C언어를 이용한 구현 내용학습과 적합한 자료구조를 선택할 수있는 능력배양.,"중간시험,기말시험",이성훈,"화6,7",3학점,3.25
218603,전공,ar/vr전공,자료구조론,자료구조론의 명확한 개념과 C언어를 이용한 구현 내용학습과 적합한 자료구조를 선택할 수있는 능력배양.,"중간시험,기말시험",이성훈,"월5,6",3학점,3.25
218604,전공,ar/vr전공,자료구조론,자료구조론의 명확한 개념과 C언어를 이용한 구현 내용학습과 적합한 자료구조를 선택할 수있는 능력배양.,"중간시험,기말시험",이성훈,"화2,3",3학점,3.25
218605,전공,ar/vr전공,자료구조론,자료구조론의 명확한 개념과 C언어를 이용한 구현 내용학습과 적합한 자료구조를 선택할 수있는 능력배양.,"중간시험,기말시험",이성훈,"수6,7",3학점,3.25
367101,전공,ar/vr전공,JAVA프로그래밍,객체지향 개념을 기반으로 자바언어 문법 및 프로그래밍 기법을 학습한다.,"실습,중간시험,기말시험",강윤희,"월4,5,6",3학점,3.31
367102,전공,ar/vr전공,JAVA프로그래밍,객체지향 개념을 기반으로 자바언어 문법 및 프로그래밍 기법을 학습한다.,"실습,중간시험,기말시험",강윤희,"화5,6,7",3학점,3.31
367103,전공,ar/vr전공,JAVA프로그래밍,객체지향 개념을 기반으로 자바언어 문법 및 프로그래밍 기법을 학습한다.,"과제,중간시험,기말시험",유진호,"월7,8,9",3학점,4.63
367104,전공,ar/vr전공,JAVA프로그래밍,객체지향 개념을 기반으로 자바언어 문법 및 프로그래밍 기법을 학습한다.,"실습,개인프로젝트",이수연,"화2,3,4",3학점,5
367201,전공,ar/vr전공,c++프로그래밍,C++활용한 프로그램 개발을 위하여 객체지향프로그램언어의3대 속성을 중심으로 학습한다.,"중간시험,기말시험,과제",최미영,"화1,2,3",3학점,4.22
367202,전공,ar/vr전공,c++프로그래밍,C++활용한 프로그램 개발을 위하여 객체지향프로그램언어의4대 속성을 중심으로 학습한다.,"중간시험,기말시험,과제",최미영,"화4,5,6",3학점,4.22
367203,전공,ar/vr전공,c++프로그래밍,C++활용한 프로그램 개발을 위하여 객체지향프로그램언어의5대 속성을 중심으로 학습한다.,"중간시험,기말시험,과제",곽노윤,"월7,8,9",3학점,3.05
367204,전공,ar/vr전공,c++프로그래밍,C++활용한 프로그램 개발을 위하여 객체지향프로그램언어의6대 속성을 중심으로 학습한다.,"중간시험,기말시험,과제",이현섭,"목1,2,3",3학점,4.26
367404,전공,ar/vr전공,데이터베이스이론및실습,"데이터베이스의 기본개념과 일반 이론에 대하여 학습하며, 데이터베이스 모델을 설계한다.","팀플,실습",강상규,"월1,2,3",3학점,0
614901,전공,ar/vr전공,빅데이터,"빅데이터의 기본적인 개념과 기술, 사회에서의 활용의 내용과 데이터분석방법에 대해 학습한다.","중간시험,기말시험",홍진근,"목1,2,3",3학점,1.67
685001,전공,ar/vr전공,UI/UX디자인,스마트폰에서 사용되는 모바일UI/UX디자인을 중심으로 한 디자인 기초이론과 개발 프로세스를 익힌다.,"실습,발표",백순화,"수1,2,3",3학점,3.93
367402,전공,ar/vr전공,데이터베이스이론및실습,"데이터베이스의 기본개념과 일반 이론에 대하여 학습하며, 데이터베이스 모델을 설계한다.","중간시험,기말시험,실습",한군희,"화2,3,4",3학점,3.56
367406,전공,ar/vr전공,데이터베이스이론및실습,"데이터베이스의 기본개념과 일반 이론에 대하여 학습하며, 데이터베이스 모델을 설계한다.","실습,중간시험,기말시험",이창은,"화5,6,7,8",3학점,0
367407,전공,ar/vr전공,데이터베이스이론및실습,"데이터베이스의 기본개념과 일반 이론에 대하여 학습하며, 데이터베이스 모델을 설계한다.","실습,중간시험,기말시험",이창은,"수5,6,7,8",3학점,0
685002,전공,ar/vr전공,UI/UX디자인,스마트폰에서 사용되는 모바일UI/UX디자인을 중심으로 한 디자인 기초이론과 개발 프로세스를 익힌다.,"실습,발표",백순화,"화5,6,7",3학점,3.93
957601,전공,ar/vr전공,인공지능,인공지능의 기본적인 기술동향과 이론을 공부하고 파이썬을 사용하여 머신러닝과 딥러닝의 개념들을 익힌다.,"실습,중간시험,기말시험",차대현,"수1,2,3",3학점,4.77
399101,전공,ar/vr전공,3D모델링,xr콘텐츠 제작에 필요한 3d그래픽 툴인 3dsmax의 사용법을 배우고 3d캐릭터와 사물을 모델링한다.,"발표,기말시험",김현숙,"화2,3,4",3학점,5
959501,전공,ar/vr전공,유니티엔진,ar/vr에 특화된 라이브러리를 지원하므로 쉽고 빠르게 양질의 콘텐츠를 제작할 수 있게 한다.,"팀플,실습",진영훈,"화2,3,4",3학점,4.8
959901,전공,ar/vr전공,언리얼엔진,그래픽 기술과 함께ar/vr콘텐츠를 실사에 가깝게 빠르고 정교하게 만들 수있는 최고의 3D가시화 툴을 익힌다.,"팀플,실습",진영훈,"화5,6,7",3학점,0
960101,전공,ar/vr전공,안드로이드프로그래밍,"모바일 기반 창의적인 앱 개발 능력을 배양하고, 모바일ar/vr개발에 활용할 수있는 기술을 학습한다.","중간시험,팀플,실습,발표",구민정,"수4,5,6",3학점,3.5
3007001,전공,핀테크전공,첨단기술의이해,"빅데이터분석,iot,첨단로봇공학,청정에너지기술등 첨단기술을 학습하는 발표&토론중심의 과목.","중간시험,기말시험",채규수,"목5,6",3학점,0
3007002,전공,핀테크전공,첨단기술의이해,"빅데이터분석,iot,첨단로봇공학,청정에너지기술등 첨단기술을 학습하는 발표&토론중심의 과목.","발표,중간시험,기말시험",신은정,"금4,5,6",3학점,0
3007201,전공,핀테크전공,핀테크투자론,"금융자산, 위험과 기대수익률, 포트폴리오 이론, 주식가치평가 등에 대해 살펴본다.","중간시험,기말시험,퀴즈",강상규,"화2,3,4",3학점,0
3007401,전공,핀테크전공,핀테크 서비스 모델링,핀테크 기업및서비스에 대한 이해를 바탕으로 기존 금용서비스의 문제점 및 개선점을 파악한다.,"기말시험,실습",신은정,"월7,8,9",3학점,0
3007701,전공,핀테크전공,수리통계학,"확률이론을 기반으로 통계적 현상을 분석,복잡한 통계 모델의 수학적 특성과 성질을 연구한다.","중간시험,기말시험,실습",김동우,"수1,2,3",3학점,0
3007801,전공,핀테크전공,금융공학,"금융제품, 시장 및 금융시스템을 이해하고 설계하는 데 수학적,통계적등 기술을 학습한다.","중간시험,기말시험",지세현,"화5,6,7",3학점,0
3008201,전공,핀테크전공,금융데이터 분석,금융데이터를 분석할 수 있는 기본적인 기술과 방법론에 대해 학습한다.,"중간시험,기말시험",지세현,"목5,6,7",3학점,0
367002,전공,핀테크전공,c언어프로그래밍,C언어의 문법을 익혀서 응용프로그램을 개발할 수 있는 전공의 ICT기반 능력을 함양.,"실습,중간시험,기말시험",구미순,"월7,8,9",3학점,0
367003,전공,핀테크전공,c언어프로그래밍,C언어의 문법을 익혀서 응용프로그램을 개발할 수 있는 전공의 ICT기반 능력을 함양.,"실습,중간시험,기말시험",구미순,"화7,8,9",3학점,0
367004,전공,핀테크전공,c언어프로그래밍,C언어의 문법을 익혀서 응용프로그램을 개발할 수 있는 전공의 ICT기반 능력을 함양.,"팀플,중간시험,기말시험",이승화,"수1,2,3",3학점,4.73
367005,전공,핀테크전공,c언어프로그래밍,C언어의 문법을 익혀서 응용프로그램을 개발할 수 있는 전공의 ICT기반 능력을 함양.,"팀플,발표,중간시험,기말시험",김귀정,"월4,5,6",3학점,4.27
367006,전공,핀테크전공,c언어프로그래밍,C언어의 문법을 익혀서 응용프로그램을 개발할 수 있는 전공의 ICT기반 능력을 함양.,"팀플,발표,중간시험,기말시험",김귀정,"목4,5,6",3학점,4.27
948101,전공,핀테크전공,파이썬프로그래밍,파이썬 프로그램을 이용하여 IT분야 프로그램을 개발할 수 있는 능력을 배양하는교과목,"과제,실습,중간시험,기말시험",홍경호,"수1,2,3",3학점,2.33
948102,전공,핀테크전공,파이썬프로그래밍,파이썬 프로그램을 이용하여 IT분야 프로그램을 개발할 수 있는 능력을 배양하는교과목,"팀플,중간시험,기말시험",김동우,"목1,2,3",3학점,3.33
948104,전공,핀테크전공,파이썬프로그래밍,파이썬 프로그램을 이용하여 IT분야 프로그램을 개발할 수 있는 능력을 배양하는교과목,"중간시험,기말시험",구미순,"목7,8,9",3학점,4.6
367101,전공,핀테크전공,JAVA프로그래밍,객체지향 개념을 기반으로 자바언어 문법 및 프로그래밍 기법을 학습한다.,"실습,중간시험,기말시험",강윤희,"월4,5,6",3학점,3.31
367102,전공,핀테크전공,JAVA프로그래밍,객체지향 개념을 기반으로 자바언어 문법 및 프로그래밍 기법을 학습한다.,"실습,중간시험,기말시험",강윤희,"화5,6,7",3학점,3.31
367103,전공,핀테크전공,JAVA프로그래밍,객체지향 개념을 기반으로 자바언어 문법 및 프로그래밍 기법을 학습한다.,"과제,중간시험,기말시험",유진호,"월7,8,9",3학점,4.63
367104,전공,핀테크전공,JAVA프로그래밍,객체지향 개념을 기반으로 자바언어 문법 및 프로그래밍 기법을 학습한다.,"실습,개인프로젝트",이수연,"화2,3,4",3학점,5
367404,전공,핀테크전공,데이터베이스이론및실습,"데이터베이스의 기본개념과 일반 이론에 대하여 학습하며, 데이터베이스 모델을 설계한다.","팀플,실습",강상규,"월1,2,3",3학점,0
614901,전공,핀테크전공,빅데이터,"빅데이터의 기본적인 개념과 기술, 사회에서의 활용의 내용과 데이터분석방법에 대해 학습한다.","중간시험,기말시험",홍진근,"목1,2,3",3학점,1.67
966201,전공,핀테크전공,파이썬응용,파이썬을 활용한 다양한 프로젝트를 수행하여 실제활용할 수 있는 응용 프로그램을 개발한다.,"실습,기말시험",정은화,"화2,3,4",3학점,1.67
966202,전공,핀테크전공,파이썬응용,파이썬을 활용한 다양한 프로젝트를 수행하여 실제활용할 수 있는 응용 프로그램을 개발한다.,"중간시험,팀플,과제",차정희,"목4,5,6",3학점,3.09
966205,전공,핀테크전공,파이썬응용,파이썬을 활용한 다양한 프로젝트를 수행하여 실제활용할 수 있는 응용 프로그램을 개발한다.,"중간시험,팀플,과제",차정희,"금4,5,6",3학점,3.09
367402,전공,핀테크전공,데이터베이스이론및실습,"데이터베이스의 기본개념과 일반 이론에 대하여 학습하며, 데이터베이스 모델을 설계한다.","중간시험,기말시험,실습",한군희,"화2,3,4",3학점,3.56
367406,전공,핀테크전공,데이터베이스이론및실습,"데이터베이스의 기본개념과 일반 이론에 대하여 학습하며, 데이터베이스 모델을 설계한다.","실습,중간시험,기말시험",이창은,"화5,6,7,8",3학점,0
367407,전공,핀테크전공,데이터베이스이론및실습,"데이터베이스의 기본개념과 일반 이론에 대하여 학습하며, 데이터베이스 모델을 설계한다.","실습,중간시험,기말시험",이창은,"수5,6,7,8",3학점,0
623901,전공,핀테크전공,캡스톤디자인,한이음의 등록된 프로젝트를 검토하여 1학기동안 주제선정후 프로젝트 진행,팀플,차정희,"금1,2",2학점,3
623903,전공,핀테크전공,캡스톤디자인,팀별 프로젝트 계획을 세우고 정해진 문서포멧에 따라 1학기 동안 프로젝트 진행,팀플,임석구,"월8,9",2학점,5
623904,전공,핀테크전공,캡스톤디자인,팀별 프로젝트 계획을 세우고 정해진 문서포멧에 따라 1학기 동안 프로젝트 진행,팀플,이승화,"목5,6",2학점,0
880101,전공,핀테크전공,블록체인개론,"블록의 기본개념과 응용분야인 암호화폐 개발및해쉬함수,스마트컨트랙트,블록체인 프레임워크를 학습한다.","중간시험,기말시험,실습,퀴즈",김동우,"화4,5,6",3학점,5
957601,전공,핀테크전공,인공지능,인공지능의 기본적인 기술동향과 이론을 공부하고 파이썬을 사용하여 머신러닝과 딥러닝의 개념들을 익힌다.,"실습,중간시험,기말시험",차대현,"수1,2,3",3학점,4.77
961301,전공,핀테크전공,데이터분석과시각화,정보와 데이터의 사용자인지 효과를 높이기 위해 시각적 요소와 인간의 인지적 특성에 관련된 이론 이해.,"중간시험,기말시험,실습",유진호,"화2,3,4",3학점,3.67
3007001,전공,IOT전공,첨단기술의이해,"빅데이터분석,iot,첨단로봇공학,청정에너지기술등 첨단기술을 학습하는 발표&토론중심의 과목.","중간시험,기말시험",채규수,"목5,6",3학점,0
3007002,전공,IOT전공,첨단기술의이해,"빅데이터분석,iot,첨단로봇공학,청정에너지기술등 첨단기술을 학습하는 발표&토론중심의 과목.","발표,중간시험,기말시험",신은정,"금4,5,6",3학점,0
3008501,전공,IOT전공,제어공학입문,시스템 제어의 기본 이론을 익히고 아날로그 및 디지털 방식의 제어에 대한 지식을 학습한다.,"실습,팀플 ",김동규,"목4,5,6",3학점,0
982601,전공,IOT전공,스타트업챌린지,"창업의 전반적 과정을 이해하고, 창업성공의 토대가 되는 기업가정신에 대하여 학습한다.",팀플,김춘광,"수5,6",3학점,0
982701,전공,IOT전공,스타트업실전창업,"창업의 전반적 과정을 이해하고, 창업성공의 토대가 되는 기업가정신에 대하여 학습한다.",팀플,이감용,"화2,3",3학점,0
367002,전공,IOT전공,c언어프로그래밍,C언어의 문법을 익혀서 응용프로그램을 개발할 수 있는 전공의 ICT기반 능력을 함양.,"실습,중간시험,기말시험",구미순,"월7,8,9",3학점,0
367003,전공,IOT전공,c언어프로그래밍,C언어의 문법을 익혀서 응용프로그램을 개발할 수 있는 전공의 ICT기반 능력을 함양.,"실습,중간시험,기말시험",구미순,"화7,8,9",3학점,0
367004,전공,IOT전공,c언어프로그래밍,C언어의 문법을 익혀서 응용프로그램을 개발할 수 있는 전공의 ICT기반 능력을 함양.,"팀플,중간시험,기말시험",이승화,"수1,2,3",3학점,4.73
367005,전공,IOT전공,c언어프로그래밍,C언어의 문법을 익혀서 응용프로그램을 개발할 수 있는 전공의 ICT기반 능력을 함양.,"팀플,발표,중간시험,기말시험",김귀정,"월4,5,6",3학점,4.27
367006,전공,IOT전공,c언어프로그래밍,C언어의 문법을 익혀서 응용프로그램을 개발할 수 있는 전공의 ICT기반 능력을 함양.,"팀플,발표,중간시험,기말시험",김귀정,"목4,5,6",3학점,4.27
948101,전공,IOT전공,파이썬프로그래밍,파이썬 프로그램을 이용하여 IT분야 프로그램을 개발할 수 있는 능력을 배양하는교과목,"과제,실습,중간시험,기말시험",홍경호,"수1,2,3",3학점,2.33
948102,전공,IOT전공,파이썬프로그래밍,파이썬 프로그램을 이용하여 IT분야 프로그램을 개발할 수 있는 능력을 배양하는교과목,"팀플,중간시험,기말시험",김동우,"목1,2,3",3학점,3.33
948104,전공,IOT전공,파이썬프로그래밍,파이썬 프로그램을 이용하여 IT분야 프로그램을 개발할 수 있는 능력을 배양하는교과목,"중간시험,기말시험",구미순,"목7,8,9",3학점,4.6
367101,전공,IOT전공,JAVA프로그래밍,객체지향 개념을 기반으로 자바언어 문법 및 프로그래밍 기법을 학습한다.,"실습,중간시험,기말시험",강윤희,"월4,5,6",3학점,3.31
367102,전공,IOT전공,JAVA프로그래밍,객체지향 개념을 기반으로 자바언어 문법 및 프로그래밍 기법을 학습한다.,"실습,중간시험,기말시험",강윤희,"화5,6,7",3학점,3.31
367103,전공,IOT전공,JAVA프로그래밍,객체지향 개념을 기반으로 자바언어 문법 및 프로그래밍 기법을 학습한다.,"과제,중간시험,기말시험",유진호,"월7,8,9",3학점,4.63
367104,전공,IOT전공,JAVA프로그래밍,객체지향 개념을 기반으로 자바언어 문법 및 프로그래밍 기법을 학습한다.,"실습,개인프로젝트",이수연,"화2,3,4",3학점,5
367404,전공,IOT전공,데이터베이스이론및실습,"데이터베이스의 기본개념과 일반 이론에 대하여 학습하며, 데이터베이스 모델을 설계한다.","중간시험,기말시험,실습",강상규,"월1,2,3",3학점,0
367402,전공,IOT전공,데이터베이스이론및실습,"데이터베이스의 기본개념과 일반 이론에 대하여 학습하며, 데이터베이스 모델을 설계한다.","실습,중간시험,기말시험",한군희,"화2,3,4",3학점,3.56
367406,전공,IOT전공,데이터베이스이론및실습,"데이터베이스의 기본개념과 일반 이론에 대하여 학습하며, 데이터베이스 모델을 설계한다.","실습,중간시험,기말시험",이창은,"화5,6,7,8",3학점,0
367407,전공,IOT전공,데이터베이스이론및실습,"데이터베이스의 기본개념과 일반 이론에 대하여 학습하며, 데이터베이스 모델을 설계한다.","실습,중간시험,기말시험",이창은,"수5,6,7,8",3학점,0
118201,전공,IOT전공,데이터통신,"OSI계층구조,전송매체,데이터링크 프로토콜에 대해 학습하고,TCP/IP프로토콜을 이해한다.","실습,보고서,중간시험,기말시험",임석구,"월5,6,7",3학점,4.26
118202,전공,IOT전공,데이터통신,"OSI계층구조,전송매체,데이터링크 프로토콜에 대해 학습하고,TCP/IP프로토콜을 이해한다.","중간시험,기말시험,발표,팀플",김민년,"화2,3",3학점,0
623801,전공,IOT전공,컴퓨터네트워크,"OS 7계층을 중심으로 관련 프로토콜, TCP/IP에 제시되고 있는 주요 프로토콜을 중심으로 학습하고 실무능력개발.","팀플,기말시험",홍진근,"월1,2,3",3학점,3.38
910801,전공,IOT전공,웹프로그래밍,자바스크립트를 이용하여 웹어플리케이션을 개발하는 방법을 학습,"팀플,실습",강경우,"수7,8,9",3학점,3.94
910802,전공,IOT전공,웹프로그래밍,자바스크립트를 이용하여 웹어플리케이션을 개발하는 방법을 학습,"중간시험,팀플,발표",구민정,"월7,8,9",3학점,0
797501,전공,IOT전공,드론제어및실습,"드론 동작원리를 이해하고 제어부로 사용되는 아두이노의 하드웨어와 센서부,모터구동부등을 학습한다.","중간시험,기말시험,실습,발표",윤택현,"목1,2,3,4",3학점,0
957601,전공,IOT전공,인공지능,인공지능의 기본적인 기술동향과 이론을 공부하고 파이썬을 사용하여 머신러닝과 딥러닝의 개념들을 익힌다.,"실습,중간시험,기말시험",차대현,"수1,2,3",3학점,4.77
776801,전공,IOT전공,캡스톤디자인,팀별 프로젝트 계획을 세우고 정해진 문서 포맷에 따라 한학기 동안 프로젝트를 진행한다. ,팀플,차대현,"월1,2,3",3학점,0
958201,전공,IOT전공,클라우드응용시스템,클라우드 환경에서 자원구축을 위한 오픈소스 기반 도구를 학습한다.(도커&쿠버네티스 같은 자동화 도구활용),"중간시험,기말시험,실습",김진성,"수7,8,9",3학점,0